step_index,strategy,train_start,train_end,holdout_start,holdout_end,trial_id,train_total_return_pct,train_buy_hold_return_pct,train_buy_hold_max_drawdown_pct,train_max_drawdown_pct,train_sharpe_ratio,train_total_trades,parameters,holdout_total_return_pct,holdout_buy_hold_return_pct,holdout_buy_hold_max_drawdown_pct,holdout_max_drawdown_pct,holdout_cagr_pct,holdout_num_trades,holdout_win_rate_pct,holdout_profit_factor,holdout_total_cost_pct,holdout_avg_cost_per_trade_pct,trade_log_path
0,CompositeMomentumIndexStrategy,2023-10-06T06:45:00+00:00,2024-01-04T06:45:00+00:00,2024-01-04T06:45:00+00:00,2024-02-03T06:45:00+00:00,86,118.2987114429706,-54.52553678507759,-77.03882976156171,-45.81322521814959,3.002024940946455,5,"{""roc_period"": 16, ""rsi_period"": 14, ""signal_threshold"": 0.5562059208568572, ""tsi_long"": 28, ""tsi_short"": 15}",19.79965734924356,316.420359546884,-43.896783972211864,-15.21340490985068,837.0244632597291,1,100.0,inf,3.278326716461217,3.278326716461217,
0,CSMARevertStrategy,2023-10-06T06:45:00+00:00,2024-01-04T06:45:00+00:00,2024-01-04T06:45:00+00:00,2024-02-03T06:45:00+00:00,112,75.90179231811341,-54.52553678507759,-77.03882976156171,-39.14656494640568,2.865835694435332,1,"{""entry_drop"": false, ""exit_up"": true, ""n_sma"": 934, ""rsi_max"": 17.69395897018597, ""rsi_period"": 45, ""timeframe_minutes"": 5}",0.0,316.420359546884,-43.896783972211864,0.0,0.0,0,0.0,0.0,0.0,0.0,
0,DonchianChampionAggressiveStrategy,2023-10-06T06:45:00+00:00,2024-01-04T06:45:00+00:00,2024-01-04T06:45:00+00:00,2024-02-03T06:45:00+00:00,368,29.732496334885266,-54.52553678507759,-77.03882976156171,-37.33668533602891,2.129898899301757,3,"{""ema_exit_days"": 4.122817955631478, ""entry_days"": 11.93001390099756, ""exit_days"": 1.054917516946522, ""timeframe_minutes"": 5, ""trailing_drawdown_pct"": 0.2}",116.97567013957185,316.420359546884,-43.896783972211864,-20.704386876284296,1468108.8409107346,1,100.0,inf,4.715172699169328,4.715172699169328,
0,GridTradingStrategyV2Aggressive,2023-10-06T06:45:00+00:00,2024-01-04T06:45:00+00:00,2024-01-04T06:45:00+00:00,2024-02-03T06:45:00+00:00,174,190.65099409130696,-54.52553678507759,-77.03882976156171,-42.03895051893301,4.736529989668886,6,"{""allow_bear_breakout_sell"": true, ""atr_mult"": 1.524973198206115, ""breakout_slope_min"": 0.0005, ""breakout_window"": 20, ""buy_spacing_mult_bear"": 1.1319419101072632, ""center_lookback"": 32, ""cooldown_bars"": 6, ""fee_pct"": 0.0025, ""min_edge_pct"": 0.026719902484867282, ""min_step_pct"": 0.02, ""min_strength"": 0.7533515951935243, ""no_sell_above_ema_fast_in_bull"": false, ""num_grids"": 17, ""recenter_dwell_bars"": 6, ""recenter_threshold_pct"": 0.19286308055928242, ""sell_spacing_mult_bull"": 1.3, ""side_when_bear"": 1, ""slippage_pct"": 0.01, ""strong_slope_min"": 0.0032432125328667786, ""timeframe_minutes"": 60, ""tol_buy_hi"": 0.015164448323638682, ""tol_buy_lo"": 0.01, ""tol_sell_hi"": 0.01, ""tol_sell_lo"": 0.005, ""trail_atr_mult"": 2.56492363381816, ""trend_ema_fast"": 78, ""trend_ema_slow"": 200}",68.61425477537028,316.420359546884,-43.896783972211864,-17.705643406987438,64511.99119557424,3,66.66666666666666,199.11916303838535,13.638382052419972,4.546127350806658,
0,Strategy_62_RSIAvgs,2023-10-06T06:45:00+00:00,2024-01-04T06:45:00+00:00,2024-01-04T06:45:00+00:00,2024-02-03T06:45:00+00:00,5,68.37407982712027,-54.52553678507759,-77.03882976156171,-24.378002986580327,4.9690824280978685,4,"{""ma_periods"": [5, 10, 20], ""overbought"": 47, ""oversold"": 30, ""rsi_period"": 47, ""signal_threshold"": false}",0.0,316.420359546884,-43.896783972211864,0.0,0.0,0,0.0,0.0,0.0,0.0,
1,CompositeMomentumIndexStrategy,2023-11-05T06:45:00+00:00,2024-02-03T06:45:00+00:00,2024-02-03T06:45:00+00:00,2024-03-04T06:45:00+00:00,211,1277.4392414757426,321.3318562731405,-65.4070592815265,-43.896783972211864,7.209960635481839,2,"{""roc_period"": 5, ""rsi_period"": 14, ""signal_threshold"": 0.6339362321616135, ""tsi_long"": 25, ""tsi_short"": 10}",0.0,-5.223468692923394,-40.41545802384597,0.0,0.0,0,0.0,0.0,0.0,0.0,
1,CSMARevertStrategy,2023-11-05T06:45:00+00:00,2024-02-03T06:45:00+00:00,2024-02-03T06:45:00+00:00,2024-03-04T06:45:00+00:00,7,483.17273368993153,321.3318562731405,-65.4070592815265,-65.4070592815265,4.821367616503704,1,"{""entry_drop"": false, ""exit_up"": true, ""n_sma"": 576, ""rsi_max"": 19.91683748714691, ""rsi_period"": 49, ""timeframe_minutes"": 5}",0.0,-5.223468692923394,-40.41545802384597,0.0,0.0,0,0.0,0.0,0.0,0.0,
1,DonchianChampionAggressiveStrategy,2023-11-05T06:45:00+00:00,2024-02-03T06:45:00+00:00,2024-02-03T06:45:00+00:00,2024-03-04T06:45:00+00:00,308,152.73255732868017,321.3318562731405,-65.4070592815265,-38.70127014009639,4.116060246673841,8,"{""ema_exit_days"": 3.8726772290213134, ""entry_days"": 6.966376693981182, ""exit_days"": 1.1825890140779185, ""timeframe_minutes"": 5, ""trailing_drawdown_pct"": 0.2}",-5.362833055172533,-5.223468692923394,-40.41545802384597,-13.265170395367864,-49.88115088116363,1,0.0,0.0,2.9062737559170793,2.9062737559170793,
1,GridTradingStrategyV2Aggressive,2023-11-05T06:45:00+00:00,2024-02-03T06:45:00+00:00,2024-02-03T06:45:00+00:00,2024-03-04T06:45:00+00:00,364,451.6030972912983,321.3318562731405,-65.4070592815265,-65.4070592815265,4.545454235078353,4,"{""allow_bear_breakout_sell"": true, ""atr_mult"": 0.8172478685382671, ""breakout_slope_min"": 0.0005, ""breakout_window"": 20, ""buy_spacing_mult_bear"": 1.5850733881196986, ""center_lookback"": 29, ""cooldown_bars"": 1, ""fee_pct"": 0.0025, ""min_edge_pct"": 0.02122527407001689, ""min_step_pct"": 0.038018656333304104, ""min_strength"": 0.5536545276620055, ""no_sell_above_ema_fast_in_bull"": false, ""num_grids"": 19, ""recenter_dwell_bars"": 5, ""recenter_threshold_pct"": 0.12, ""sell_spacing_mult_bull"": 1.470762649989456, ""side_when_bear"": 0, ""slippage_pct"": 0.01, ""strong_slope_min"": 0.001, ""timeframe_minutes"": 60, ""tol_buy_hi"": 0.013270501685048576, ""tol_buy_lo"": 0.008965934906739043, ""tol_sell_hi"": 0.01, ""tol_sell_lo"": 0.0025926355693962817, ""trail_atr_mult"": 2.5844536445212056, ""trend_ema_fast"": 66, ""trend_ema_slow"": 144}",22.174574744275155,-5.223468692923394,-40.41545802384597,-15.901461352816582,1130.4394952416824,5,100.0,inf,16.862453796160544,3.3724907592321087,
1,Strategy_62_RSIAvgs,2023-11-05T06:45:00+00:00,2024-02-03T06:45:00+00:00,2024-02-03T06:45:00+00:00,2024-03-04T06:45:00+00:00,280,487.0280461935605,321.3318562731405,-65.4070592815265,-65.4070592815265,4.835835001212206,1,"{""ma_periods"": [5, 10, 20], ""overbought"": 98, ""oversold"": 28, ""rsi_period"": 49, ""signal_threshold"": true}",0.0,-5.223468692923394,-40.41545802384597,0.0,0.0,0,0.0,0.0,0.0,0.0,
2,CompositeMomentumIndexStrategy,2023-12-05T06:45:00+00:00,2024-03-04T06:45:00+00:00,2024-03-04T06:45:00+00:00,2024-04-03T06:45:00+00:00,66,913.8329628467612,403.8592463648199,-47.423501282960125,-43.896783972211864,6.690199146120802,1,"{""roc_period"": 7, ""rsi_period"": 14, ""signal_threshold"": 0.2513311100024222, ""tsi_long"": 40, ""tsi_short"": 19}",20.943604664019922,131.88471376272096,-57.32863348841277,-29.92650450455143,957.5974450327159,2,100.0,inf,6.6936991172175455,3.3468495586087728,
2,CSMARevertStrategy,2023-12-05T06:45:00+00:00,2024-03-04T06:45:00+00:00,2024-03-04T06:45:00+00:00,2024-04-03T06:45:00+00:00,352,587.4895840222765,403.8592463648199,-47.423501282960125,-47.423501282960125,5.041691308894953,1,"{""entry_drop"": 0.25, ""exit_up"": true, ""n_sma"": 963, ""rsi_max"": 33.63893986415501, ""rsi_period"": 16, ""timeframe_minutes"": 5}",41.70097996603357,131.88471376272096,-57.32863348841277,-47.48728425243218,7443.262467996996,1,100.0,inf,3.602160001181673,3.602160001181673,
2,DonchianChampionAggressiveStrategy,2023-12-05T06:45:00+00:00,2024-03-04T06:45:00+00:00,2024-03-04T06:45:00+00:00,2024-04-03T06:45:00+00:00,173,158.42569965456815,403.8592463648199,-47.423501282960125,-35.9301407098305,4.097139103342425,6,"{""ema_exit_days"": 3.894123097263888, ""entry_days"": 6.868017497544834, ""exit_days"": 1.900170288033714, ""timeframe_minutes"": 5, ""trailing_drawdown_pct"": 0.2}",21.97948474816316,131.88471376272096,-57.32863348841277,-24.152696664839567,1075.6057244196418,1,100.0,inf,3.310557677077935,3.310557677077935,
2,GridTradingStrategyV2Aggressive,2023-12-05T06:45:00+00:00,2024-03-04T06:45:00+00:00,2024-03-04T06:45:00+00:00,2024-04-03T06:45:00+00:00,319,405.817892232005,403.8592463648199,-47.423501282960125,-43.896783972211864,5.097429169812713,11,"{""allow_bear_breakout_sell"": true, ""atr_mult"": 1.0, ""breakout_slope_min"": 0.0005, ""breakout_window"": 20, ""buy_spacing_mult_bear"": 1.7236302521874132, ""center_lookback"": 20, ""cooldown_bars"": 0, ""fee_pct"": 0.0025, ""min_edge_pct"": 0.029790854739582012, ""min_step_pct"": 0.03549732715553341, ""min_strength"": 0.55, ""no_sell_above_ema_fast_in_bull"": true, ""num_grids"": 19, ""recenter_dwell_bars"": 8, ""recenter_threshold_pct"": 0.12, ""sell_spacing_mult_bull"": 1.6115068704185598, ""side_when_bear"": 1, ""slippage_pct"": 0.01, ""strong_slope_min"": 0.004397802077593604, ""timeframe_minutes"": 60, ""tol_buy_hi"": 0.01958421188773389, ""tol_buy_lo"": 0.010468597224710142, ""tol_sell_hi"": 0.01044020519380396, ""tol_sell_lo"": 0.005, ""trail_atr_mult"": 1.809787552022421, ""trend_ema_fast"": 54, ""trend_ema_slow"": 196}",206.7519386207859,131.88471376272096,-57.32863348841277,-47.48728425243217,109115252.5710178,5,100.0,inf,37.60501991782647,7.5210039835652935,
2,Strategy_62_RSIAvgs,2023-12-05T06:45:00+00:00,2024-03-04T06:45:00+00:00,2024-03-04T06:45:00+00:00,2024-04-03T06:45:00+00:00,65,511.5269512404212,403.8592463648199,-47.423501282960125,-43.896783972211864,4.8317315117957005,3,"{""ma_periods"": [5, 10, 20], ""overbought"": 75, ""oversold"": 35, ""rsi_period"": 44, ""signal_threshold"": false}",41.04940392552541,131.88471376272096,-57.32863348841277,-47.48728425243217,7024.137809662763,1,100.0,inf,3.5925257880734125,3.5925257880734125,
3,CompositeMomentumIndexStrategy,2024-01-04T06:45:00+00:00,2024-04-03T06:45:00+00:00,2024-04-03T06:45:00+00:00,2024-05-03T06:45:00+00:00,226,491.9864663738232,817.6912434516337,-57.32863348841277,-47.49866654258408,5.613159198970886,1,"{""roc_period"": 6, ""rsi_period"": 26, ""signal_threshold"": 0.802276740473103, ""tsi_long"": 25, ""tsi_short"": 19}",-37.65631027351517,-13.691570863788415,-56.8895202474448,-49.10067999857208,-99.68976109782561,1,0.0,0.0,2.428781917381081,2.428781917381081,
3,CSMARevertStrategy,2024-01-04T06:45:00+00:00,2024-04-03T06:45:00+00:00,2024-04-03T06:45:00+00:00,2024-05-03T06:45:00+00:00,152,607.226753431659,817.6912434516337,-57.32863348841277,-57.32863348841277,4.83331559833708,1,"{""entry_drop"": false, ""exit_up"": true, ""n_sma"": 731, ""rsi_max"": 32.0, ""rsi_period"": 20, ""timeframe_minutes"": 5}",-41.52388670955537,-13.691570863788415,-56.8895202474448,-54.47723779109752,-99.85818617173466,1,0.0,0.0,2.371595874186129,2.371595874186129,
3,DonchianChampionAggressiveStrategy,2024-01-04T06:45:00+00:00,2024-04-03T06:45:00+00:00,2024-04-03T06:45:00+00:00,2024-05-03T06:45:00+00:00,213,338.9568411610328,817.6912434516337,-57.32863348841277,-27.07092209221972,5.93513907667072,4,"{""ema_exit_days"": 1.7308728035978622, ""entry_days"": 11.0, ""exit_days"": 1.247941589390419, ""timeframe_minutes"": 5, ""trailing_drawdown_pct"": false}",0.0,-13.691570863788415,-56.8895202474448,0.0,0.0,0,0.0,0.0,0.0,0.0,
3,GridTradingStrategyV2Aggressive,2024-01-04T06:45:00+00:00,2024-04-03T06:45:00+00:00,2024-04-03T06:45:00+00:00,2024-05-03T06:45:00+00:00,159,464.6208224611134,817.6912434516337,-57.32863348841277,-47.49866654258408,4.5834599708595665,5,"{""allow_bear_breakout_sell"": true, ""atr_mult"": 1.1871245844663287, ""breakout_slope_min"": 0.003182768959072747, ""breakout_window"": 69, ""buy_spacing_mult_bear"": 1.19869618219457, ""center_lookback"": 17, ""cooldown_bars"": 6, ""fee_pct"": 0.0025, ""min_edge_pct"": 0.024313638867386023, ""min_step_pct"": 0.03867757346513517, ""min_strength"": 0.55, ""no_sell_above_ema_fast_in_bull"": 1, ""num_grids"": 20, ""recenter_dwell_bars"": 3, ""recenter_threshold_pct"": 0.11207136876249225, ""sell_spacing_mult_bull"": 1.65574362520428, ""side_when_bear"": 0, ""slippage_pct"": 0.01, ""strong_slope_min"": 0.001440703409091868, ""timeframe_minutes"": 60, ""tol_buy_hi"": 0.006658132877725953, ""tol_buy_lo"": 0.018826905250384787, ""tol_sell_hi"": 0.01253753391790174, ""tol_sell_lo"": 0.015669495083192014, ""trail_atr_mult"": 3.0749189542079405, ""trend_ema_fast"": 50, ""trend_ema_slow"": 200}",0.0,-13.691570863788415,-56.8895202474448,0.0,0.0,0,0.0,0.0,0.0,0.0,
3,Strategy_62_RSIAvgs,2024-01-04T06:45:00+00:00,2024-04-03T06:45:00+00:00,2024-04-03T06:45:00+00:00,2024-05-03T06:45:00+00:00,290,787.8633293950853,817.6912434516337,-57.32863348841277,-57.32863348841277,5.226266052448674,1,"{""ma_periods"": [5, 10, 20], ""overbought"": 87, ""oversold"": 40, ""rsi_period"": 30, ""signal_threshold"": true}",-37.43189641543736,-13.691570863788415,-56.8895202474448,-57.14703420457177,-99.67583171458021,1,0.0,0.0,2.4321001040527124,2.4321001040527124,
4,CompositeMomentumIndexStrategy,2024-02-03T06:45:00+00:00,2024-05-03T06:45:00+00:00,2024-05-03T06:45:00+00:00,2024-06-02T06:45:00+00:00,396,83.14156344271424,91.39668341506592,-57.32863348841277,-42.75705447468295,2.4841885383718822,12,"{""roc_period"": 6, ""rsi_period"": 7, ""signal_threshold"": 0.5545901770302466, ""tsi_long"": 25, ""tsi_short"": 7}",5.579765968354589,9.598598535741697,-40.91664923820042,-19.410813873628364,94.90220362835902,1,100.0,inf,3.0680711892123202,3.0680711892123202,
4,CSMARevertStrategy,2024-02-03T06:45:00+00:00,2024-05-03T06:45:00+00:00,2024-05-03T06:45:00+00:00,2024-06-02T06:45:00+00:00,237,103.49619937705698,91.39668341506592,-57.32863348841277,-57.32863348841277,2.430160461072124,1,"{""entry_drop"": false, ""exit_up"": true, ""n_sma"": 712, ""rsi_max"": 20.998111561000467, ""rsi_period"": 30, ""timeframe_minutes"": 5}",3.5030658798036907,9.598598535741697,-40.91664923820042,-19.410813873628364,52.67971826824145,1,100.0,inf,3.0373650705535713,3.0373650705535713,
4,DonchianChampionAggressiveStrategy,2024-02-03T06:45:00+00:00,2024-05-03T06:45:00+00:00,2024-05-03T06:45:00+00:00,2024-06-02T06:45:00+00:00,348,174.1910899781969,91.39668341506592,-57.32863348841277,-28.1226950779365,4.448616743098202,3,"{""ema_exit_days"": 1.6333614595381494, ""entry_days"": 9.512978340540881, ""exit_days"": 1.0048536092292897, ""timeframe_minutes"": 5, ""trailing_drawdown_pct"": true}",0.0,9.598598535741697,-40.91664923820042,0.0,0.0,0,0.0,0.0,0.0,0.0,
4,GridTradingStrategyV2Aggressive,2024-02-03T06:45:00+00:00,2024-05-03T06:45:00+00:00,2024-05-03T06:45:00+00:00,2024-06-02T06:45:00+00:00,219,301.5711459434717,91.39668341506592,-57.32863348841277,-40.500642234976425,4.794165042799277,5,"{""allow_bear_breakout_sell"": true, ""atr_mult"": 1.0, ""breakout_slope_min"": 0.004967647377880431, ""breakout_window"": 42, ""buy_spacing_mult_bear"": 1.7067977631532698, ""center_lookback"": 29, ""cooldown_bars"": 3, ""fee_pct"": 0.0025, ""min_edge_pct"": 0.010676355184969923, ""min_step_pct"": 0.03604509688300042, ""min_strength"": 0.6823395438247912, ""no_sell_above_ema_fast_in_bull"": true, ""num_grids"": 19, ""recenter_dwell_bars"": 15, ""recenter_threshold_pct"": 0.0997503882142691, ""sell_spacing_mult_bull"": 1.3, ""side_when_bear"": 2, ""slippage_pct"": 0.01, ""strong_slope_min"": 0.007046939931972283, ""timeframe_minutes"": 60, ""tol_buy_hi"": 0.005362095833815129, ""tol_buy_lo"": 0.012137545465934005, ""tol_sell_hi"": 0.017658851045480213, ""tol_sell_lo"": 0.009400390727832334, ""trail_atr_mult"": 1.0839017610210904, ""trend_ema_fast"": 26, ""trend_ema_slow"": 167}",14.659286283608974,9.598598535741697,-40.91664923820042,-19.410813873628353,437.23549813005616,2,100.0,inf,6.447641771794907,3.2238208858974535,
4,Strategy_62_RSIAvgs,2024-02-03T06:45:00+00:00,2024-05-03T06:45:00+00:00,2024-05-03T06:45:00+00:00,2024-06-02T06:45:00+00:00,370,141.9471060780214,91.39668341506592,-57.32863348841277,-28.421516934870596,3.965803446161675,4,"{""ma_periods"": [5, 10, 20], ""overbought"": 70, ""oversold"": 30, ""rsi_period"": 31, ""signal_threshold"": true}",0.0,9.598598535741697,-40.91664923820042,0.0,0.0,0,0.0,0.0,0.0,0.0,
5,CompositeMomentumIndexStrategy,2024-03-04T06:45:00+00:00,2024-06-02T06:45:00+00:00,2024-06-02T06:45:00+00:00,2024-07-02T06:45:00+00:00,221,124.22392329381876,121.0540453118019,-61.27591500106164,-42.7519914985493,3.074860504624651,15,"{""roc_period"": 18, ""rsi_period"": 7, ""signal_threshold"": 0.2827691333977348, ""tsi_long"": 36, ""tsi_short"": 9}",-42.38711139346467,-20.169972579539785,-59.53006235519569,-48.374661196895616,-99.89912399664145,1,0.0,0.0,2.358832221061919,2.358832221061919,
5,CSMARevertStrategy,2024-03-04T06:45:00+00:00,2024-06-02T06:45:00+00:00,2024-06-02T06:45:00+00:00,2024-07-02T06:45:00+00:00,7,128.06870373188187,121.0540453118019,-61.27591500106164,-61.27591500106164,2.629721558651089,1,"{""entry_drop"": false, ""exit_up"": true, ""n_sma"": 354, ""rsi_max"": 41.02230525032771, ""rsi_period"": 13, ""timeframe_minutes"": 5}",-41.95367573091428,-20.169972579539785,-59.53006235519569,-59.53006235519569,-99.88920680511758,1,0.0,0.0,2.365241007269702,2.365241007269702,
5,DonchianChampionAggressiveStrategy,2024-03-04T06:45:00+00:00,2024-06-02T06:45:00+00:00,2024-06-02T06:45:00+00:00,2024-07-02T06:45:00+00:00,98,33.705912689387404,121.0540453118019,-61.27591500106164,-28.13109765516173,1.828543660946575,2,"{""ema_exit_days"": 3.0, ""entry_days"": 10.999628373907585, ""exit_days"": 1.0433157792646681, ""timeframe_minutes"": 5, ""trailing_drawdown_pct"": true}",0.0,-20.169972579539785,-59.53006235519569,0.0,0.0,0,0.0,0.0,0.0,0.0,
5,GridTradingStrategyV2Aggressive,2024-03-04T06:45:00+00:00,2024-06-02T06:45:00+00:00,2024-06-02T06:45:00+00:00,2024-07-02T06:45:00+00:00,174,392.15634010693714,121.0540453118019,-61.27591500106164,-42.29154605510538,5.5087914161662805,16,"{""allow_bear_breakout_sell"": true, ""atr_mult"": 1.043698305134349, ""breakout_slope_min"": 0.0005, ""breakout_window"": 63, ""buy_spacing_mult_bear"": 1.3263949967212594, ""center_lookback"": 23, ""cooldown_bars"": 2, ""fee_pct"": 0.0025, ""min_edge_pct"": 0.02, ""min_step_pct"": 0.029555929880283004, ""min_strength"": 0.7138814324458049, ""no_sell_above_ema_fast_in_bull"": false, ""num_grids"": 19, ""recenter_dwell_bars"": 9, ""recenter_threshold_pct"": 0.20727003279625328, ""sell_spacing_mult_bull"": 1.4706979870330321, ""side_when_bear"": 1, ""slippage_pct"": 0.01, ""strong_slope_min"": 0.009968833789943789, ""timeframe_minutes"": 60, ""tol_buy_hi"": 0.012650432338468274, ""tol_buy_lo"": 0.011343187756504015, ""tol_sell_hi"": 0.0199111599075301, ""tol_sell_lo"": 0.0031590305858704556, ""trail_atr_mult"": 3.427507145710043, ""trend_ema_fast"": 39, ""trend_ema_slow"": 283}",3.657802093197793,-20.169972579539785,-59.53006235519569,-23.236916629589278,56.74776592665467,1,100.0,inf,3.0396530025257804,3.0396530025257804,
5,Strategy_62_RSIAvgs,2024-03-04T06:45:00+00:00,2024-06-02T06:45:00+00:00,2024-06-02T06:45:00+00:00,2024-07-02T06:45:00+00:00,10,204.3740882203572,121.0540453118019,-61.27591500106164,-55.20638552556433,3.2190340711049306,20,"{""ma_periods"": [5, 10, 20], ""overbought"": 70, ""oversold"": 43, ""rsi_period"": 28, ""signal_threshold"": true}",-42.011482992397234,-20.169972579539785,-59.53006235519569,-57.73238227147608,-99.89057937869195,3,33.33333333333333,0.12524612730615717,6.8034713022856,2.2678237674285335,
6,CompositeMomentumIndexStrategy,2024-04-03T06:45:00+00:00,2024-07-02T06:45:00+00:00,2024-07-02T06:45:00+00:00,2024-08-01T06:45:00+00:00,16,14.500488933729528,-24.14710880292843,-70.51272863374625,-49.91972025316356,1.0882954421573188,10,"{""roc_period"": 12, ""rsi_period"": 8, ""signal_threshold"": 0.80927085996545, ""tsi_long"": 25, ""tsi_short"": 6}",-45.46512948675796,-61.4463748295474,-64.29134091952105,-57.10893400869155,-99.96481353258969,2,0.0,0.0,4.780462656189927,2.3902313280949636,
6,CSMARevertStrategy,2024-04-03T06:45:00+00:00,2024-07-02T06:45:00+00:00,2024-07-02T06:45:00+00:00,2024-08-01T06:45:00+00:00,137,5.767162832501804,-24.14710880292843,-70.51272863374625,-16.766407726297082,0.967951177387537,1,"{""entry_drop"": 0.25, ""exit_up"": 0.048, ""n_sma"": 570, ""rsi_max"": 34.78331123299061, ""rsi_period"": 14, ""timeframe_minutes"": 5}",2.3074361364118223,-61.4463748295474,-64.29134091952105,-23.32466693763331,34.87671878901373,1,100.0,inf,3.0196864712339466,3.0196864712339466,
6,DonchianChampionAggressiveStrategy,2024-04-03T06:45:00+00:00,2024-07-02T06:45:00+00:00,2024-07-02T06:45:00+00:00,2024-08-01T06:45:00+00:00,148,24.765474540360756,-24.14710880292843,-70.51272863374625,-12.097703331483922,2.708084268852082,1,"{""ema_exit_days"": 2.8309247954884302, ""entry_days"": 11.0, ""exit_days"": 1.158895521241852, ""timeframe_minutes"": 5, ""trailing_drawdown_pct"": false}",0.0,-61.4463748295474,-64.29134091952105,0.0,0.0,0,0.0,0.0,0.0,0.0,
6,GridTradingStrategyV2Aggressive,2024-04-03T06:45:00+00:00,2024-07-02T06:45:00+00:00,2024-07-02T06:45:00+00:00,2024-08-01T06:45:00+00:00,224,11.7672120802361,-24.14710880292843,-70.51272863374625,-6.951840007652055,2.1919062017623965,1,"{""allow_bear_breakout_sell"": true, ""atr_mult"": 1.4724530053849798, ""breakout_slope_min"": 0.0005, ""breakout_window"": 71, ""buy_spacing_mult_bear"": 1.0714147094529942, ""center_lookback"": 33, ""cooldown_bars"": 2, ""fee_pct"": 0.0025, ""min_edge_pct"": 0.025426748289014544, ""min_step_pct"": 0.026913438682406546, ""min_strength"": 0.72444082021397, ""no_sell_above_ema_fast_in_bull"": false, ""num_grids"": 19, ""recenter_dwell_bars"": 6, ""recenter_threshold_pct"": 0.24578818381746215, ""sell_spacing_mult_bull"": 1.2527435198632095, ""side_when_bear"": 2, ""slippage_pct"": 0.01, ""strong_slope_min"": 0.003087185606254354, ""timeframe_minutes"": 60, ""tol_buy_hi"": 0.0172122161578128, ""tol_buy_lo"": 0.01659743056257246, ""tol_sell_hi"": 0.01, ""tol_sell_lo"": 0.006519012756838435, ""trail_atr_mult"": 1.3136772683260975, ""trend_ema_fast"": 64, ""trend_ema_slow"": 356}",0.0,-61.4463748295474,-64.29134091952105,0.0,0.0,0,0.0,0.0,0.0,0.0,
6,Strategy_62_RSIAvgs,2024-04-03T06:45:00+00:00,2024-07-02T06:45:00+00:00,2024-07-02T06:45:00+00:00,2024-08-01T06:45:00+00:00,265,88.55254390667827,-24.14710880292843,-70.51272863374625,-32.813837281950995,3.080541162271694,24,"{""ma_periods"": [5, 10, 20], ""overbought"": 65, ""oversold"": 30, ""rsi_period"": 14, ""signal_threshold"": 0.6}",-26.586989655984617,-61.4463748295474,-64.29134091952105,-35.08150539170737,-98.26396498408289,10,50.0,0.39703392665779796,23.184569795875635,2.3184569795875634,
7,CSMARevertStrategy,2024-05-03T06:45:00+00:00,2024-08-01T06:45:00+00:00,2024-08-01T06:45:00+00:00,2024-08-31T06:45:00+00:00,117,12.343223179477691,-66.23606865745518,-80.94526522013955,-23.32466693763331,1.4276634979912304,2,"{""entry_drop"": 0.25, ""exit_up"": false, ""n_sma"": 664, ""rsi_max"": 39.68490082895171, ""rsi_period"": 30, ""timeframe_minutes"": 5}",0.0,10.61812330524452,-32.55183643990572,0.0,0.0,0,0.0,0.0,0.0,0.0,
7,DonchianChampionAggressiveStrategy,2024-05-03T06:45:00+00:00,2024-08-01T06:45:00+00:00,2024-08-01T06:45:00+00:00,2024-08-31T06:45:00+00:00,363,24.273938684147023,-66.23606865745518,-80.94526522013955,-12.097788341010007,2.6934318164304836,1,"{""ema_exit_days"": 2.0458417949837213, ""entry_days"": 9.663935754351478, ""exit_days"": 1.1606659818906095, ""timeframe_minutes"": 5, ""trailing_drawdown_pct"": false}",-4.770030617437415,10.61812330524452,-32.55183643990572,-7.148546097147602,-47.77522988473299,1,0.0,0.0,2.915038941653163,2.915038941653163,
7,GridTradingStrategyV2Aggressive,2024-05-03T06:45:00+00:00,2024-08-01T06:45:00+00:00,2024-08-01T06:45:00+00:00,2024-08-31T06:45:00+00:00,204,12.165921911980028,-66.23606865745518,-80.94526522013955,-2.3659371539826,3.476389971232509,1,"{""allow_bear_breakout_sell"": 0, ""atr_mult"": 1.3337765458335609, ""breakout_slope_min"": 0.0036301962818789907, ""breakout_window"": 20, ""buy_spacing_mult_bear"": 1.1214809800478889, ""center_lookback"": 22, ""cooldown_bars"": 2, ""fee_pct"": 0.0025, ""min_edge_pct"": 0.0132180282800652, ""min_step_pct"": 0.01803526513139361, ""min_strength"": 0.756976960887543, ""no_sell_above_ema_fast_in_bull"": true, ""num_grids"": 19, ""recenter_dwell_bars"": 6, ""recenter_threshold_pct"": 0.15903790934708378, ""sell_spacing_mult_bull"": 1.3739826005180853, ""side_when_bear"": 0, ""slippage_pct"": 0.01, ""strong_slope_min"": 0.0013178379839483302, ""timeframe_minutes"": 60, ""tol_buy_hi"": 0.005, ""tol_buy_lo"": 0.009379094919553636, ""tol_sell_hi"": 0.005897625434598672, ""tol_sell_lo"": 0.0037646620705400536, ""trail_atr_mult"": 2.2542461147571426, ""trend_ema_fast"": 50, ""trend_ema_slow"": 157}",17.5248996588228,10.61812330524452,-32.55183643990572,-10.895955543145153,755.2823065265111,4,75.0,216.94125696093843,13.097259259430901,3.2743148148577252,
8,CSMARevertStrategy,2024-06-02T06:45:00+00:00,2024-08-31T06:45:00+00:00,2024-08-31T06:45:00+00:00,2024-09-30T06:45:00+00:00,327,37.83515062354943,-65.78779659537395,-80.94526522013955,-23.3246669376333,3.2403362421580577,2,"{""entry_drop"": 0.25, ""exit_up"": false, ""n_sma"": 689, ""rsi_max"": 33.88135137631162, ""rsi_period"": 49, ""timeframe_minutes"": 5}",12.457152684815398,164.49883921167813,-38.50277114185289,-14.543316068203326,346.1806056679911,1,100.0,inf,3.1697603323591803,3.1697603323591803,
8,GridTradingStrategyV2Aggressive,2024-06-02T06:45:00+00:00,2024-08-31T06:45:00+00:00,2024-08-31T06:45:00+00:00,2024-09-30T06:45:00+00:00,64,64.16900535825437,-65.78779659537395,-80.94526522013955,-6.060920404410053,5.920362997216451,4,"{""allow_bear_breakout_sell"": true, ""atr_mult"": 0.7400297476811379, ""breakout_slope_min"": 0.002050471044674367, ""breakout_window"": 17, ""buy_spacing_mult_bear"": 1.7633470952529984, ""center_lookback"": 22, ""cooldown_bars"": 2, ""fee_pct"": 0.0025, ""min_edge_pct"": 0.02, ""min_step_pct"": 0.03594088731735845, ""min_strength"": 0.55, ""no_sell_above_ema_fast_in_bull"": true, ""num_grids"": 17, ""recenter_dwell_bars"": 6, ""recenter_threshold_pct"": 0.24893145579184334, ""sell_spacing_mult_bull"": 1.0234931799225588, ""side_when_bear"": 0, ""slippage_pct"": 0.01, ""strong_slope_min"": 0.009977592419170627, ""timeframe_minutes"": 60, ""tol_buy_hi"": 0.0160165643358973, ""tol_buy_lo"": 0.01, ""tol_sell_hi"": 0.0125858603705058, ""tol_sell_lo"": 0.005, ""trail_atr_mult"": 1.6416826368816348, ""trend_ema_fast"": 77, ""trend_ema_slow"": 200}",271.02362399250836,164.49883921167813,-38.50277114185289,-29.638410542189042,1792473535.8287737,5,100.0,inf,44.114200568656784,8.822840113731356,
8,Strategy_62_RSIAvgs,2024-06-02T06:45:00+00:00,2024-08-31T06:45:00+00:00,2024-08-31T06:45:00+00:00,2024-09-30T06:45:00+00:00,180,24.317896395396964,-65.78779659537395,-80.94526522013955,-14.310957229292043,2.140919286694273,5,"{""ma_periods"": [5, 10, 20], ""overbought"": 68, ""oversold"": 17, ""rsi_period"": 14, ""signal_threshold"": false}",7.469501683721491,164.49883921167813,-38.50277114185289,-9.720119157222129,150.34225711516234,1,100.0,inf,3.0960128498448016,3.0960128498448016,
9,CompositeMomentumIndexStrategy,2024-07-02T06:45:00+00:00,2024-09-30T06:45:00+00:00,2024-09-30T06:45:00+00:00,2024-10-30T06:45:00+00:00,146,65.10700863707225,13.533822154649734,-64.29134091952105,-57.10893400869155,2.2353140105544926,2,"{""roc_period"": 12, ""rsi_period"": 27, ""signal_threshold"": 0.5228315596125019, ""tsi_long"": 35, ""tsi_short"": 13}",0.0,-22.938050923101205,-45.62956647552152,0.0,0.0,0,0.0,0.0,0.0,0.0,
9,CSMARevertStrategy,2024-07-02T06:45:00+00:00,2024-09-30T06:45:00+00:00,2024-09-30T06:45:00+00:00,2024-10-30T06:45:00+00:00,292,201.33721855917125,13.533822154649734,-64.29134091952105,-38.502771141852875,4.079757438738972,1,"{""entry_drop"": 0.25, ""exit_up"": true, ""n_sma"": 576, ""rsi_max"": 28.97672198235887, ""rsi_period"": 14, ""timeframe_minutes"": 5}",0.0,-22.938050923101205,-45.62956647552152,0.0,0.0,0,0.0,0.0,0.0,0.0,
9,DonchianChampionAggressiveStrategy,2024-07-02T06:45:00+00:00,2024-09-30T06:45:00+00:00,2024-09-30T06:45:00+00:00,2024-10-30T06:45:00+00:00,353,49.53336405362918,13.533822154649734,-64.29134091952105,-22.22368956447306,2.822761572988534,3,"{""ema_exit_days"": 4.4841421691390355, ""entry_days"": 11.0, ""exit_days"": 1.8035069498093999, ""timeframe_minutes"": 5, ""trailing_drawdown_pct"": 0.2}",0.0,-22.938050923101205,-45.62956647552152,0.0,0.0,0,0.0,0.0,0.0,0.0,
9,GridTradingStrategyV2Aggressive,2024-07-02T06:45:00+00:00,2024-09-30T06:45:00+00:00,2024-09-30T06:45:00+00:00,2024-10-30T06:45:00+00:00,264,92.88715169186548,13.533822154649734,-64.29134091952105,-61.38699992654204,2.545587855122124,6,"{""allow_bear_breakout_sell"": false, ""atr_mult"": 1.7220533748888291, ""breakout_slope_min"": 0.001920823128458287, ""breakout_window"": 79, ""buy_spacing_mult_bear"": 1.6164468298769132, ""center_lookback"": 32, ""cooldown_bars"": 0, ""fee_pct"": 0.0025, ""min_edge_pct"": 0.026849161889247686, ""min_step_pct"": 0.029315137953047347, ""min_strength"": 0.7610278916351418, ""no_sell_above_ema_fast_in_bull"": true, ""num_grids"": 11, ""recenter_dwell_bars"": 7, ""recenter_threshold_pct"": 0.12, ""sell_spacing_mult_bull"": 1.425034030642027, ""side_when_bear"": 1, ""slippage_pct"": 0.01, ""strong_slope_min"": 0.00825664831022998, ""timeframe_minutes"": 60, ""tol_buy_hi"": 0.005, ""tol_buy_lo"": 0.015027244132552825, ""tol_sell_hi"": 0.01, ""tol_sell_lo"": 0.01436185017797268, ""trail_atr_mult"": 1.6712242800830757, ""trend_ema_fast"": 57, ""trend_ema_slow"": 284}",3.9139416800443305,-22.938050923101205,-45.62956647552152,-16.176929421040608,63.13901157129542,2,100.0,inf,6.121863029714767,3.0609315148573835,
9,Strategy_62_RSIAvgs,2024-07-02T06:45:00+00:00,2024-09-30T06:45:00+00:00,2024-09-30T06:45:00+00:00,2024-10-30T06:45:00+00:00,325,114.69805460499968,13.533822154649734,-64.29134091952105,-38.54578019977618,3.028444159114294,35,"{""ma_periods"": [5, 10, 20], ""overbought"": 39, ""oversold"": 53, ""rsi_period"": 46, ""signal_threshold"": false}",-55.69142243843939,-22.938050923101205,-45.62956647552152,-66.59676587370396,-99.9968852232764,19,15.789473684210526,0.30228476671001603,38.74332992033753,2.039122627386186,
10,CompositeMomentumIndexStrategy,2024-08-01T06:45:00+00:00,2024-10-30T06:45:00+00:00,2024-10-30T06:45:00+00:00,2024-11-29T06:45:00+00:00,91,79.95583090621206,125.48073613014324,-45.629566475521536,-32.55183643990572,2.929590416733258,2,"{""roc_period"": 11, ""rsi_period"": 10, ""signal_threshold"": 0.2135382928268363, ""tsi_long"": 34, ""tsi_short"": 14}",205.59839597861333,979.8447924549893,-32.015544845056084,-23.889363858796752,89306702.70278619,5,80.0,28.27639832318991,30.68500343378277,6.137000686756554,
10,CSMARevertStrategy,2024-08-01T06:45:00+00:00,2024-10-30T06:45:00+00:00,2024-10-30T06:45:00+00:00,2024-11-29T06:45:00+00:00,77,98.1691380431742,125.48073613014324,-45.629566475521536,-45.62956647552152,2.6397655373093576,1,"{""entry_drop"": false, ""exit_up"": true, ""n_sma"": 987, ""rsi_max"": 26.215764286116695, ""rsi_period"": 19, ""timeframe_minutes"": 5}",1048.655233301253,979.8447924549893,-32.015544845056084,-32.01554484505608,1010028935109495.9,1,100.0,inf,38.069804416152856,38.069804416152856,
10,DonchianChampionAggressiveStrategy,2024-08-01T06:45:00+00:00,2024-10-30T06:45:00+00:00,2024-10-30T06:45:00+00:00,2024-11-29T06:45:00+00:00,393,24.586884181709156,125.48073613014324,-45.629566475521536,-35.43779484926641,1.6841651225164156,7,"{""ema_exit_days"": 1.587300611030233, ""entry_days"": 6.386230217716465, ""exit_days"": 1.2023028072234843, ""timeframe_minutes"": 5, ""trailing_drawdown_pct"": true}",313.93197598697384,979.8447924549893,-32.015544845056084,-30.00195998955911,3692140091.7375216,5,80.0,38.26128464221812,20.474243819034953,4.094848763806991,
10,GridTradingStrategyV2Aggressive,2024-08-01T06:45:00+00:00,2024-10-30T06:45:00+00:00,2024-10-30T06:45:00+00:00,2024-11-29T06:45:00+00:00,54,176.05331986429997,125.48073613014324,-45.629566475521536,-32.55183643990572,4.300272115505284,4,"{""allow_bear_breakout_sell"": false, ""atr_mult"": 1.4104899164139795, ""breakout_slope_min"": 0.002801287015910073, ""breakout_window"": 65, ""buy_spacing_mult_bear"": 1.1147051941139017, ""center_lookback"": 27, ""cooldown_bars"": 3, ""fee_pct"": 0.0025, ""min_edge_pct"": 0.012879400197545875, ""min_step_pct"": 0.03572833341291834, ""min_strength"": 0.7895221796828475, ""no_sell_above_ema_fast_in_bull"": true, ""num_grids"": 16, ""recenter_dwell_bars"": 8, ""recenter_threshold_pct"": 0.12, ""sell_spacing_mult_bull"": 1.4250410800414346, ""side_when_bear"": 2, ""slippage_pct"": 0.01, ""strong_slope_min"": 0.009578163355087122, ""timeframe_minutes"": 60, ""tol_buy_hi"": 0.003827538740233917, ""tol_buy_lo"": 0.009863719920788253, ""tol_sell_hi"": 0.009244615922728086, ""tol_sell_lo"": 0.01581120974159123, ""trail_atr_mult"": 2.0, ""trend_ema_fast"": 62, ""trend_ema_slow"": 200}",136.9544865442036,979.8447924549893,-32.015544845056084,-30.001959989559126,3941356.333905561,1,100.0,inf,5.0105797782002055,5.0105797782002055,
10,Strategy_62_RSIAvgs,2024-08-01T06:45:00+00:00,2024-10-30T06:45:00+00:00,2024-10-30T06:45:00+00:00,2024-11-29T06:45:00+00:00,40,141.42209868871376,125.48073613014324,-45.629566475521536,-34.77122824811325,4.404064652604363,7,"{""ma_periods"": [5, 10, 20], ""overbought"": 70, ""oversold"": 31, ""rsi_period"": 28, ""signal_threshold"": 0.6}",217.94723437906615,979.8447924549893,-32.015544845056084,-20.202340243403285,145180751.33021995,4,100.0,inf,21.834955703503137,5.458738925875784,
11,CompositeMomentumIndexStrategy,2024-08-31T06:45:00+00:00,2024-11-29T06:45:00+00:00,2024-11-29T06:45:00+00:00,2024-12-29T06:45:00+00:00,236,1264.8011756931676,2101.6842919205824,-45.629566475521536,-45.629566475521536,7.940129769882638,2,"{""roc_period"": 8, ""rsi_period"": 26, ""signal_threshold"": 0.7, ""tsi_long"": 34, ""tsi_short"": 7}",-25.82624990565847,-57.321751243988636,-74.25863785643676,-60.62674030994335,-97.38795530373802,3,33.33333333333333,0.3758070300369208,9.174789614103798,3.058263204701266,
11,CSMARevertStrategy,2024-08-31T06:45:00+00:00,2024-11-29T06:45:00+00:00,2024-11-29T06:45:00+00:00,2024-12-29T06:45:00+00:00,32,2061.791628059143,2101.6842919205824,-45.629566475521536,-45.62956647552152,8.097727565022085,1,"{""entry_drop"": false, ""exit_up"": true, ""n_sma"": 576, ""rsi_max"": 22.253690199157642, ""rsi_period"": 19, ""timeframe_minutes"": 5}",-32.57214899946894,-57.321751243988636,-74.25863785643676,-73.35786350454005,-99.18389820885557,1,0.0,0.0,2.5039564022389387,2.5039564022389387,
11,DonchianChampionAggressiveStrategy,2024-08-31T06:45:00+00:00,2024-11-29T06:45:00+00:00,2024-11-29T06:45:00+00:00,2024-12-29T06:45:00+00:00,253,808.8004142636183,2101.6842919205824,-45.629566475521536,-42.432489690940265,8.304358669457446,6,"{""ema_exit_days"": 4.4662658432612385, ""entry_days"": 5.869590613838131, ""exit_days"": 1.3067441276948977, ""timeframe_minutes"": 5, ""trailing_drawdown_pct"": false}",-17.53954664481605,-57.321751243988636,-74.25863785643676,-35.892328070767284,-90.4906440995754,1,0.0,0.0,2.7262286861361558,2.7262286861361558,
11,GridTradingStrategyV2Aggressive,2024-08-31T06:45:00+00:00,2024-11-29T06:45:00+00:00,2024-11-29T06:45:00+00:00,2024-12-29T06:45:00+00:00,49,376.2267913849208,2101.6842919205824,-45.629566475521536,-32.01554484505608,7.076829854659172,1,"{""allow_bear_breakout_sell"": true, ""atr_mult"": 1.4926864767167218, ""breakout_slope_min"": 0.0006790648922452677, ""breakout_window"": 33, ""buy_spacing_mult_bear"": 1.2340393599659756, ""center_lookback"": 28, ""cooldown_bars"": 5, ""fee_pct"": 0.0025, ""min_edge_pct"": 0.02, ""min_step_pct"": 0.039120530555664654, ""min_strength"": 0.5095525535352685, ""no_sell_above_ema_fast_in_bull"": false, ""num_grids"": 20, ""recenter_dwell_bars"": 6, ""recenter_threshold_pct"": 0.12, ""sell_spacing_mult_bull"": 1.5866919134332809, ""side_when_bear"": 2, ""slippage_pct"": 0.01, ""strong_slope_min"": 0.006104856191173531, ""timeframe_minutes"": 60, ""tol_buy_hi"": 0.0036857629476624108, ""tol_buy_lo"": 0.012311431330473115, ""tol_sell_hi"": 0.01, ""tol_sell_lo"": 0.007086956834981492, ""trail_atr_mult"": 2.932905176768238, ""trend_ema_fast"": 53, ""trend_ema_slow"": 335}",0.0,-57.321751243988636,-74.25863785643676,0.0,0.0,0,0.0,0.0,0.0,0.0,
11,Strategy_62_RSIAvgs,2024-08-31T06:45:00+00:00,2024-11-29T06:45:00+00:00,2024-11-29T06:45:00+00:00,2024-12-29T06:45:00+00:00,305,1991.385720866322,2101.6842919205824,-45.629566475521536,-45.629566475521536,7.978019982683477,1,"{""ma_periods"": [5, 10, 20], ""overbought"": 108, ""oversold"": 42, ""rsi_period"": 14, ""signal_threshold"": false}",-56.494231037637185,-57.321751243988636,-74.25863785643676,-73.35786350454005,-99.99610891969911,1,0.0,0.0,2.15024413840363,2.15024413840363,
12,CompositeMomentumIndexStrategy,2024-09-30T06:45:00+00:00,2024-12-29T06:45:00+00:00,2024-12-29T06:45:00+00:00,2025-01-28T06:45:00+00:00,246,524.9758468168701,257.9855518533454,-74.25863785643676,-59.45724260830691,5.801432596841485,6,"{""roc_period"": 5, ""rsi_period"": 21, ""signal_threshold"": 0.3635920986541098, ""tsi_long"": 25, ""tsi_short"": 17}",0.0,32.30252161139977,-40.30070135433085,0.0,0.0,0,0.0,0.0,0.0,0.0,
12,CSMARevertStrategy,2024-09-30T06:45:00+00:00,2024-12-29T06:45:00+00:00,2024-12-29T06:45:00+00:00,2025-01-28T06:45:00+00:00,212,284.0136033063182,257.9855518533454,-74.25863785643676,-74.25863785643676,3.782904937826769,1,"{""entry_drop"": false, ""exit_up"": true, ""n_sma"": 908, ""rsi_max"": 45.972529925838465, ""rsi_period"": 28, ""timeframe_minutes"": 5}",25.22696100371702,32.30252161139977,-40.30070135433085,-32.42672077685055,1502.1078160759973,1,100.0,inf,3.358574909703031,3.358574909703031,
12,DonchianChampionAggressiveStrategy,2024-09-30T06:45:00+00:00,2024-12-29T06:45:00+00:00,2024-12-29T06:45:00+00:00,2025-01-28T06:45:00+00:00,253,486.4398479462131,257.9855518533454,-74.25863785643676,-31.31726227507241,7.519041163308151,2,"{""ema_exit_days"": 3.0409894417627505, ""entry_days"": 9.442715142776585, ""exit_days"": 1.4332677944058723, ""timeframe_minutes"": 5, ""trailing_drawdown_pct"": false}",13.849037578784884,32.30252161139977,-40.30070135433085,-20.380625340973047,394.97772466175184,2,100.0,inf,6.476277461224174,3.238138730612087,
12,GridTradingStrategyV2Aggressive,2024-09-30T06:45:00+00:00,2024-12-29T06:45:00+00:00,2024-12-29T06:45:00+00:00,2025-01-28T06:45:00+00:00,34,565.4912017064822,257.9855518533454,-74.25863785643676,-45.62956647552152,6.1161878883476755,6,"{""allow_bear_breakout_sell"": 0, ""atr_mult"": 1.4921096994720244, ""breakout_slope_min"": 0.0027121615989886333, ""breakout_window"": 80, ""buy_spacing_mult_bear"": 1.2, ""center_lookback"": 20, ""cooldown_bars"": 5, ""fee_pct"": 0.0025, ""min_edge_pct"": 0.018305241836079796, ""min_step_pct"": 0.03638567900995521, ""min_strength"": 0.55, ""no_sell_above_ema_fast_in_bull"": true, ""num_grids"": 17, ""recenter_dwell_bars"": 6, ""recenter_threshold_pct"": 0.09286367149027504, ""sell_spacing_mult_bull"": 1.7171729411902041, ""side_when_bear"": 1, ""slippage_pct"": 0.01, ""strong_slope_min"": 0.0037650861237681714, ""timeframe_minutes"": 60, ""tol_buy_hi"": 0.019691160869758445, ""tol_buy_lo"": 0.012975715879856575, ""tol_sell_hi"": 0.01718493323879405, ""tol_sell_lo"": 0.01865282962221347, ""trail_atr_mult"": 2.0, ""trend_ema_fast"": 50, ""trend_ema_slow"": 243}",39.551579502990904,32.30252161139977,-40.30070135433085,-40.30070135433086,5991.077783592792,3,100.0,inf,11.664361525565257,3.888120508521752,
12,Strategy_62_RSIAvgs,2024-09-30T06:45:00+00:00,2024-12-29T06:45:00+00:00,2024-12-29T06:45:00+00:00,2025-01-28T06:45:00+00:00,15,494.5384256736443,257.9855518533454,-74.25863785643676,-58.62849708595543,4.906952200195339,3,"{""ma_periods"": [5, 10, 20], ""overbought"": 86, ""oversold"": 23, ""rsi_period"": 14, ""signal_threshold"": 0.6}",16.108422421001812,32.30252161139977,-40.30070135433085,-31.954326671606005,530.697455481077,2,50.0,5.4505351229834025,6.816695208814946,3.408347604407473,
13,CompositeMomentumIndexStrategy,2024-10-30T06:45:00+00:00,2025-01-28T06:45:00+00:00,2025-01-28T06:45:00+00:00,2025-02-27T06:45:00+00:00,131,660.7139603741507,510.8854996708744,-74.25863785643678,-50.66634445614599,5.751635146800601,2,"{""roc_period"": 6, ""rsi_period"": 27, ""signal_threshold"": 0.2593334299663008, ""tsi_long"": 35, ""tsi_short"": 15}",0.0,-57.68776581032902,-64.15510877387302,0.0,0.0,0,0.0,0.0,0.0,0.0,
13,CSMARevertStrategy,2024-10-30T06:45:00+00:00,2025-01-28T06:45:00+00:00,2025-01-28T06:45:00+00:00,2025-02-27T06:45:00+00:00,262,580.2662658209844,510.8854996708744,-74.25863785643678,-74.25863785643676,4.855742151100087,1,"{""entry_drop"": false, ""exit_up"": true, ""n_sma"": 906, ""rsi_max"": 28.77330685777304, ""rsi_period"": 28, ""timeframe_minutes"": 5}",-56.1261316902117,-57.68776581032902,-64.15510877387302,-61.75615815179108,-99.99568766009257,1,0.0,0.0,2.1556868608759645,2.1556868608759645,
13,DonchianChampionAggressiveStrategy,2024-10-30T06:45:00+00:00,2025-01-28T06:45:00+00:00,2025-01-28T06:45:00+00:00,2025-02-27T06:45:00+00:00,148,559.2534829095778,510.8854996708744,-74.25863785643678,-43.446325916251816,6.848289571789473,5,"{""ema_exit_days"": 3.0, ""entry_days"": 5.748123318882623, ""exit_days"": 1.366631230986269, ""timeframe_minutes"": 5, ""trailing_drawdown_pct"": true}",-22.097408580521016,-57.68776581032902,-64.15510877387302,-24.022650696635704,-95.24803952044975,1,0.0,0.0,2.6588360711892323,2.6588360711892323,
13,GridTradingStrategyV2Aggressive,2024-10-30T06:45:00+00:00,2025-01-28T06:45:00+00:00,2025-01-28T06:45:00+00:00,2025-02-27T06:45:00+00:00,259,902.1706085762232,510.8854996708744,-74.25863785643678,-53.462268855906814,6.595830721403496,11,"{""allow_bear_breakout_sell"": true, ""atr_mult"": 1.5602569737096537, ""breakout_slope_min"": 0.004079280438265926, ""breakout_window"": 20, ""buy_spacing_mult_bear"": 1.7633047950014915, ""center_lookback"": 10, ""cooldown_bars"": 2, ""fee_pct"": 0.0025, ""min_edge_pct"": 0.02, ""min_step_pct"": 0.03878576048050922, ""min_strength"": 0.6116071292462569, ""no_sell_above_ema_fast_in_bull"": true, ""num_grids"": 18, ""recenter_dwell_bars"": 5, ""recenter_threshold_pct"": 0.14274476371608935, ""sell_spacing_mult_bull"": 1.3, ""side_when_bear"": 0, ""slippage_pct"": 0.01, ""strong_slope_min"": 0.0005724578420870116, ""timeframe_minutes"": 60, ""tol_buy_hi"": 0.017910951563736364, ""tol_buy_lo"": 0.006076692071510768, ""tol_sell_hi"": 0.017212021581107528, ""tol_sell_lo"": 0.006057558953779931, ""trail_atr_mult"": 2.927513030203724, ""trend_ema_fast"": 46, ""trend_ema_slow"": 200}",12.63594815893272,-57.68776581032902,-64.15510877387302,-13.870270286077101,327.0595363996903,3,100.0,inf,9.65392681655809,3.2179756055193636,
13,Strategy_62_RSIAvgs,2024-10-30T06:45:00+00:00,2025-01-28T06:45:00+00:00,2025-01-28T06:45:00+00:00,2025-02-27T06:45:00+00:00,185,577.0700185693419,510.8854996708744,-74.25863785643678,-74.25863785643676,4.846354726504832,1,"{""ma_periods"": [5, 10, 20], ""overbought"": 91, ""oversold"": 30, ""rsi_period"": 26, ""signal_threshold"": false}",-48.56838063301038,-57.68776581032902,-64.15510877387302,-53.782635733379344,-99.97001890095989,1,0.0,0.0,2.26743588137013,2.26743588137013,
14,CompositeMomentumIndexStrategy,2024-11-29T06:45:00+00:00,2025-02-27T06:45:00+00:00,2025-02-27T06:45:00+00:00,2025-03-29T06:45:00+00:00,101,59.84287708826397,-76.42203649784037,-79.50860317884482,-62.10927783316696,2.240690695806951,6,"{""roc_period"": 17, ""rsi_period"": 20, ""signal_threshold"": 0.5335737388249582, ""tsi_long"": 33, ""tsi_short"": 17}",-77.26877147909319,-76.65880410097601,-93.74806967372571,-93.46293372268224,-99.9999985560873,5,40.0,0.29917980796700416,12.05432969584623,2.4108659391692457,
14,CSMARevertStrategy,2024-11-29T06:45:00+00:00,2025-02-27T06:45:00+00:00,2025-02-27T06:45:00+00:00,2025-03-29T06:45:00+00:00,137,71.27131777344356,-76.42203649784037,-79.50860317884482,-59.80484573824973,2.3319580566560485,13,"{""entry_drop"": false, ""exit_up"": 0.048, ""n_sma"": 942, ""rsi_max"": 23.06097139006777, ""rsi_period"": 42, ""timeframe_minutes"": 5}",-0.38977977355746374,-76.65880410097601,-93.74806967372571,-87.52449446209522,-4.647819702850131,4,75.0,1.384322611952784,11.79397875937244,2.94849468984311,
14,DonchianChampionAggressiveStrategy,2024-11-29T06:45:00+00:00,2025-02-27T06:45:00+00:00,2025-02-27T06:45:00+00:00,2025-03-29T06:45:00+00:00,363,16.979942986557116,-76.42203649784037,-79.50860317884482,-18.529968968153952,1.730194880690077,2,"{""ema_exit_days"": 1.8001546650224172, ""entry_days"": 9.0215247011171, ""exit_days"": 1.0801565222560796, ""timeframe_minutes"": 5, ""trailing_drawdown_pct"": false}",-22.72476643323118,-76.65880410097601,-93.74806967372571,-25.838963400154924,-95.67871252091021,1,0.0,0.0,2.6495599485690144,2.6495599485690144,
14,GridTradingStrategyV2Aggressive,2024-11-29T06:45:00+00:00,2025-02-27T06:45:00+00:00,2025-02-27T06:45:00+00:00,2025-03-29T06:45:00+00:00,314,21.585995445315454,-76.42203649784037,-79.50860317884482,-16.22651920420025,2.233350575471184,2,"{""allow_bear_breakout_sell"": false, ""atr_mult"": 1.4074407386164287, ""breakout_slope_min"": 0.0021897546938226425, ""breakout_window"": 51, ""buy_spacing_mult_bear"": 1.0410098794414682, ""center_lookback"": 40, ""cooldown_bars"": 1, ""fee_pct"": 0.0025, ""min_edge_pct"": 0.021257769536593495, ""min_step_pct"": 0.02, ""min_strength"": 0.6768631397743181, ""no_sell_above_ema_fast_in_bull"": true, ""num_grids"": 12, ""recenter_dwell_bars"": 16, ""recenter_threshold_pct"": 0.10286987790639757, ""sell_spacing_mult_bull"": 1.246917948506987, ""side_when_bear"": 1, ""slippage_pct"": 0.01, ""strong_slope_min"": 0.007167250624263622, ""timeframe_minutes"": 60, ""tol_buy_hi"": 0.0032960031976698883, ""tol_buy_lo"": 0.01008619329761943, ""tol_sell_hi"": 0.017400287897670442, ""tol_sell_lo"": 0.005, ""trail_atr_mult"": 2.0, ""trend_ema_fast"": 67, ""trend_ema_slow"": 200}",395.53684478620943,-76.65880410097601,-93.74806967372571,-64.29250298910664,29544913614.044426,6,83.33333333333334,183.5335437309795,63.69495253124533,10.615825421874222,
14,Strategy_62_RSIAvgs,2024-11-29T06:45:00+00:00,2025-02-27T06:45:00+00:00,2025-02-27T06:45:00+00:00,2025-03-29T06:45:00+00:00,255,78.25698341984011,-76.42203649784037,-79.50860317884482,-21.417858627512764,4.322140665633147,9,"{""ma_periods"": [5, 10, 20], ""overbought"": 42, ""oversold"": 24, ""rsi_period"": 18, ""signal_threshold"": true}",35.18427617361601,-76.65880410097601,-93.74806967372571,-22.2427716439745,3840.220482408255,4,75.0,16.068096774293828,12.686018717873319,3.1715046794683297,
15,CompositeMomentumIndexStrategy,2024-12-29T06:45:00+00:00,2025-03-29T06:45:00+00:00,2025-03-29T06:45:00+00:00,2025-04-28T06:45:00+00:00,26,4.533417418674546,-86.9573115849333,-97.2383953245296,-87.52449446209522,1.5072083865474013,4,"{""roc_period"": 6, ""rsi_period"": 20, ""signal_threshold"": 0.7, ""tsi_long"": 39, ""tsi_short"": 12}",964.3538975685461,-56.63145088419361,-97.52615119093974,-49.33491815670056,348873508796208.94,2,100.0,inf,60.50274636889753,30.251373184448767,
15,CSMARevertStrategy,2024-12-29T06:45:00+00:00,2025-03-29T06:45:00+00:00,2025-03-29T06:45:00+00:00,2025-04-28T06:45:00+00:00,42,421.19383742413294,-86.9573115849333,-97.2383953245296,-83.53538413081579,3.979654623406291,10,"{""entry_drop"": 0.25, ""exit_up"": false, ""n_sma"": 386, ""rsi_max"": 44.36194091210116, ""rsi_period"": 39, ""timeframe_minutes"": 5}",97.39501276027175,-56.63145088419361,-97.52615119093974,-92.18318994521731,404117.0598276394,2,100.0,inf,7.967631961474461,3.9838159807372304,
15,GridTradingStrategyV2Aggressive,2024-12-29T06:45:00+00:00,2025-03-29T06:45:00+00:00,2025-03-29T06:45:00+00:00,2025-04-28T06:45:00+00:00,329,1349.0236509569183,-86.9573115849333,-97.2383953245296,-41.339652905427535,6.5771924847594185,6,"{""allow_bear_breakout_sell"": true, ""atr_mult"": 1.5760279111552729, ""breakout_slope_min"": 0.0005, ""breakout_window"": 20, ""buy_spacing_mult_bear"": 1.6542643209946442, ""center_lookback"": 23, ""cooldown_bars"": 2, ""fee_pct"": 0.0025, ""min_edge_pct"": 0.008191138751047797, ""min_step_pct"": 0.014321104337421297, ""min_strength"": 0.7767561584584941, ""no_sell_above_ema_fast_in_bull"": true, ""num_grids"": 15, ""recenter_dwell_bars"": 9, ""recenter_threshold_pct"": 0.11891335766075942, ""sell_spacing_mult_bull"": 1.3, ""side_when_bear"": 1, ""slippage_pct"": 0.01, ""strong_slope_min"": 0.000772285575573901, ""timeframe_minutes"": 60, ""tol_buy_hi"": 0.005, ""tol_buy_lo"": 0.018982538849849538, ""tol_sell_hi"": 0.014384877656580471, ""tol_sell_lo"": 0.018693929112619745, ""trail_atr_mult"": 1.2069881062414922, ""trend_ema_fast"": 39, ""trend_ema_slow"": 251}",65.89331796837821,-56.63145088419361,-97.52615119093974,-71.70570864298075,48264.595989154084,5,80.0,30.408664622069516,21.80350477959333,4.360700955918666,
15,Strategy_62_RSIAvgs,2024-12-29T06:45:00+00:00,2025-03-29T06:45:00+00:00,2025-03-29T06:45:00+00:00,2025-04-28T06:45:00+00:00,10,529.0138631187731,-86.9573115849333,-97.2383953245296,-31.66339366871679,7.230342345807835,3,"{""ma_periods"": [5, 10, 20], ""overbought"": 64, ""oversold"": 17, ""rsi_period"": 18, ""signal_threshold"": false}",0.0,-56.63145088419361,-97.52615119093974,0.0,0.0,0,0.0,0.0,0.0,0.0,
16,CompositeMomentumIndexStrategy,2025-01-28T06:45:00+00:00,2025-04-28T06:45:00+00:00,2025-04-28T06:45:00+00:00,2025-05-28T06:45:00+00:00,241,1217.0163050734895,-95.69068779500314,-99.54192599145348,-90.90899942035836,4.695617966021374,5,"{""roc_period"": 7, ""rsi_period"": 24, ""signal_threshold"": 0.7875380106088878, ""tsi_long"": 25, ""tsi_short"": 10}",0.0,279.20163909108203,-24.18182437971199,0.0,0.0,0,0.0,0.0,0.0,0.0,
16,CSMARevertStrategy,2025-01-28T06:45:00+00:00,2025-04-28T06:45:00+00:00,2025-04-28T06:45:00+00:00,2025-05-28T06:45:00+00:00,32,891.5067630627835,-95.69068779500314,-99.54192599145348,-92.18318994521732,4.895042711318425,10,"{""entry_drop"": 0.25, ""exit_up"": 0.048, ""n_sma"": 399, ""rsi_max"": 26.3694093241518, ""rsi_period"": 25, ""timeframe_minutes"": 5}",0.0,279.20163909108203,-24.18182437971199,0.0,0.0,0,0.0,0.0,0.0,0.0,
16,GridTradingStrategyV2Aggressive,2025-01-28T06:45:00+00:00,2025-04-28T06:45:00+00:00,2025-04-28T06:45:00+00:00,2025-05-28T06:45:00+00:00,159,1296.5155219332494,-95.69068779500314,-99.54192599145348,-70.96015827997226,5.131052440721958,4,"{""allow_bear_breakout_sell"": true, ""atr_mult"": 0.6439885990997853, ""breakout_slope_min"": 0.0005, ""breakout_window"": 73, ""buy_spacing_mult_bear"": 1.564051529946624, ""center_lookback"": 18, ""cooldown_bars"": 5, ""fee_pct"": 0.0025, ""min_edge_pct"": 0.02, ""min_step_pct"": 0.0392026177190512, ""min_strength"": 0.531236204257929, ""no_sell_above_ema_fast_in_bull"": true, ""num_grids"": 20, ""recenter_dwell_bars"": 5, ""recenter_threshold_pct"": 0.22669909347752693, ""sell_spacing_mult_bull"": 1.3, ""side_when_bear"": 1, ""slippage_pct"": 0.01, ""strong_slope_min"": 0.0020413349743225793, ""timeframe_minutes"": 60, ""tol_buy_hi"": 0.0035660159253935453, ""tol_buy_lo"": 0.01, ""tol_sell_hi"": 0.015409304513086575, ""tol_sell_lo"": 0.005, ""trail_atr_mult"": 2.588189484340819, ""trend_ema_fast"": 25, ""trend_ema_slow"": 200}",336.2236929402985,279.20163909108203,-24.18182437971199,-21.873687914545403,6666203540.135399,2,100.0,inf,19.603269362232613,9.801634681116306,
16,Strategy_62_RSIAvgs,2025-01-28T06:45:00+00:00,2025-04-28T06:45:00+00:00,2025-04-28T06:45:00+00:00,2025-05-28T06:45:00+00:00,170,1947.7070406559735,-95.69068779500314,-99.54192599145348,-73.56834732914186,6.585705319744966,6,"{""ma_periods"": [5, 10, 20], ""overbought"": 70, ""oversold"": 17, ""rsi_period"": 11, ""signal_threshold"": false}",0.0,279.20163909108203,-24.18182437971199,0.0,0.0,0,0.0,0.0,0.0,0.0,
17,CompositeMomentumIndexStrategy,2025-02-27T06:45:00+00:00,2025-05-28T06:45:00+00:00,2025-05-28T06:45:00+00:00,2025-06-27T06:45:00+00:00,316,6159.957345522028,-61.37319012844097,-99.14411784868932,-87.52449446209522,6.314098550025167,6,"{""roc_period"": 6, ""rsi_period"": 19, ""signal_threshold"": 0.35264546080651643, ""tsi_long"": 27, ""tsi_short"": 19}",0.0,0.8622413284192554,-46.332407540900235,0.0,0.0,0,0.0,0.0,0.0,0.0,
17,CSMARevertStrategy,2025-02-27T06:45:00+00:00,2025-05-28T06:45:00+00:00,2025-05-28T06:45:00+00:00,2025-06-27T06:45:00+00:00,267,392.24403132259494,-61.37319012844097,-99.14411784868932,-92.18318994521732,4.254224400781938,4,"{""entry_drop"": false, ""exit_up"": false, ""n_sma"": 576, ""rsi_max"": 17.74143056150604, ""rsi_period"": 46, ""timeframe_minutes"": 5}",0.0,0.8622413284192554,-46.332407540900235,0.0,0.0,0,0.0,0.0,0.0,0.0,
17,DonchianChampionAggressiveStrategy,2025-02-27T06:45:00+00:00,2025-05-28T06:45:00+00:00,2025-05-28T06:45:00+00:00,2025-06-27T06:45:00+00:00,88,287.5735008136632,-61.37319012844097,-99.14411784868932,-31.4513611676665,5.0137436445665555,4,"{""ema_exit_days"": 4.203989641855297, ""entry_days"": 6.056476900378517, ""exit_days"": 1.7202580938559715, ""timeframe_minutes"": 5, ""trailing_drawdown_pct"": 0.2}",21.906506861279862,0.8622413284192554,-46.332407540900235,-20.968179402337917,1021.5525800802723,2,100.0,inf,6.3282053149142135,3.1641026574571067,
17,GridTradingStrategyV2Aggressive,2025-02-27T06:45:00+00:00,2025-05-28T06:45:00+00:00,2025-05-28T06:45:00+00:00,2025-06-27T06:45:00+00:00,239,540.0254357979876,-61.37319012844097,-99.14411784868932,-79.18377098517088,3.99757683634862,6,"{""allow_bear_breakout_sell"": true, ""atr_mult"": 1.0, ""breakout_slope_min"": 0.0005, ""breakout_window"": 12, ""buy_spacing_mult_bear"": 1.2, ""center_lookback"": 33, ""cooldown_bars"": 6, ""fee_pct"": 0.0025, ""min_edge_pct"": 0.026758038554761155, ""min_step_pct"": 0.03527845202749125, ""min_strength"": 0.7760478571799962, ""no_sell_above_ema_fast_in_bull"": true, ""num_grids"": 14, ""recenter_dwell_bars"": 6, ""recenter_threshold_pct"": 0.12, ""sell_spacing_mult_bull"": 1.080446891827072, ""side_when_bear"": 0, ""slippage_pct"": 0.01, ""strong_slope_min"": 0.006922667323265654, ""timeframe_minutes"": 60, ""tol_buy_hi"": 0.0049858663298703275, ""tol_buy_lo"": 0.012058871478624649, ""tol_sell_hi"": 0.010880992629318515, ""tol_sell_lo"": 0.013199944787712388, ""trail_atr_mult"": 1.1848761425560537, ""trend_ema_fast"": 71, ""trend_ema_slow"": 327}",1.5896704122389416,0.8622413284192554,-46.332407540900235,-46.33240754090021,21.2237585490753,2,50.0,2.70729123520695,6.069769803724563,3.0348849018622817,
17,Strategy_62_RSIAvgs,2025-02-27T06:45:00+00:00,2025-05-28T06:45:00+00:00,2025-05-28T06:45:00+00:00,2025-06-27T06:45:00+00:00,85,2251.815252268899,-61.37319012844097,-99.14411784868932,-31.992001328009945,8.893848591945343,15,"{""ma_periods"": [5, 10, 20], ""overbought"": 63, ""oversold"": 24, ""rsi_period"": 14, ""signal_threshold"": false}",16.269630711910075,0.8622413284192554,-46.332407540900235,-6.781701035885002,529.3767498045825,2,100.0,inf,6.377566467137901,3.1887832335689503,
18,CompositeMomentumIndexStrategy,2025-03-29T06:45:00+00:00,2025-06-27T06:45:00+00:00,2025-06-27T06:45:00+00:00,2025-07-27T06:45:00+00:00,31,3824.779036678515,67.1475776080475,-97.52615119093974,-50.96548928321051,6.973254168255031,2,"{""roc_period"": 6, ""rsi_period"": 23, ""signal_threshold"": 0.02723437485382044, ""tsi_long"": 20, ""tsi_short"": 19}",0.0,60.66241952431024,-35.53244887059903,0.0,0.0,0,0.0,0.0,0.0,0.0,
18,CSMARevertStrategy,2025-03-29T06:45:00+00:00,2025-06-27T06:45:00+00:00,2025-06-27T06:45:00+00:00,2025-07-27T06:45:00+00:00,182,234.49390197532404,67.1475776080475,-97.52615119093974,-92.18318994521732,3.7993257642055864,1,"{""entry_drop"": 0.25, ""exit_up"": true, ""n_sma"": 913, ""rsi_max"": 19.91213849532435, ""rsi_period"": 14, ""timeframe_minutes"": 5}",0.0,60.66241952431024,-35.53244887059903,0.0,0.0,0,0.0,0.0,0.0,0.0,
18,DonchianChampionAggressiveStrategy,2025-03-29T06:45:00+00:00,2025-06-27T06:45:00+00:00,2025-06-27T06:45:00+00:00,2025-07-27T06:45:00+00:00,283,330.3060177384168,67.1475776080475,-97.52615119093974,-42.381886878330214,5.246394821181155,5,"{""ema_exit_days"": 2.4280043987455766, ""entry_days"": 5.595948923092173, ""exit_days"": 1.9204303138429821, ""timeframe_minutes"": 5, ""trailing_drawdown_pct"": 0.2}",3.579610239824005,60.66241952431024,-35.53244887059903,-21.651497939104438,53.411703776030194,2,50.0,1.541509853755793,6.423649749036815,3.2118248745184075,
18,GridTradingStrategyV2Aggressive,2025-03-29T06:45:00+00:00,2025-06-27T06:45:00+00:00,2025-06-27T06:45:00+00:00,2025-07-27T06:45:00+00:00,109,180.43895790627053,67.1475776080475,-97.52615119093974,-49.05831879270297,3.26573531389472,10,"{""allow_bear_breakout_sell"": 0, ""atr_mult"": 0.8838561203523367, ""breakout_slope_min"": 0.0010236060312226946, ""breakout_window"": 36, ""buy_spacing_mult_bear"": 1.4470689815631488, ""center_lookback"": 11, ""cooldown_bars"": 0, ""fee_pct"": 0.0025, ""min_edge_pct"": 0.02278538799507275, ""min_step_pct"": 0.023726280724863068, ""min_strength"": 0.7858567549381721, ""no_sell_above_ema_fast_in_bull"": 1, ""num_grids"": 12, ""recenter_dwell_bars"": 6, ""recenter_threshold_pct"": 0.12, ""sell_spacing_mult_bull"": 1.3303669323510732, ""side_when_bear"": 1, ""slippage_pct"": 0.01, ""strong_slope_min"": 0.0055043501053650985, ""timeframe_minutes"": 60, ""tol_buy_hi"": 0.005, ""tol_buy_lo"": 0.012759890241500337, ""tol_sell_hi"": 0.006527418595832934, ""tol_sell_lo"": 0.005, ""trail_atr_mult"": 1.6760013580488236, ""trend_ema_fast"": 68, ""trend_ema_slow"": 189}",82.8188250895543,60.66241952431024,-35.53244887059903,-21.273663921583164,154173.07287381808,5,80.0,135.22681744926948,24.28460183623602,4.856920367247204,
18,Strategy_62_RSIAvgs,2025-03-29T06:45:00+00:00,2025-06-27T06:45:00+00:00,2025-06-27T06:45:00+00:00,2025-07-27T06:45:00+00:00,190,2022.9429452033387,67.1475776080475,-97.52615119093974,-71.70570864298075,5.720895832493927,3,"{""ma_periods"": [5, 10, 20], ""overbought"": 86, ""oversold"": 29, ""rsi_period"": 14, ""signal_threshold"": true}",-13.483453299915471,60.66241952431024,-35.53244887059903,-34.41013526366936,-82.83601766147484,1,0.0,0.0,2.7862021431731745,2.7862021431731745,
19,CompositeMomentumIndexStrategy,2025-04-28T06:45:00+00:00,2025-07-27T06:45:00+00:00,2025-07-27T06:45:00+00:00,2025-08-26T06:45:00+00:00,26,342.69999382219584,515.9161682538048,-50.96548928321051,-31.604483064119528,4.726075701018156,9,"{""roc_period"": 16, ""rsi_period"": 8, ""signal_threshold"": 0.2950724041004204, ""tsi_long"": 26, ""tsi_short"": 19}",-17.73782478780105,2.56823444901384,-42.496962362173676,-33.552915664271886,-90.71991423434311,3,0.0,0.0,7.9449432093562224,2.6483144031187407,
19,CSMARevertStrategy,2025-04-28T06:45:00+00:00,2025-07-27T06:45:00+00:00,2025-07-27T06:45:00+00:00,2025-08-26T06:45:00+00:00,312,576.1446765974141,515.9161682538048,-50.96548928321051,-50.96548928321051,4.589062836303165,1,"{""entry_drop"": false, ""exit_up"": true, ""n_sma"": 394, ""rsi_max"": 28.56258086625322, ""rsi_period"": 14, ""timeframe_minutes"": 5}",5.074499052210291,2.56823444901384,-42.496962362173676,-42.496962362173676,82.69749164088611,1,100.0,inf,3.0606003050114663,3.0606003050114663,
19,DonchianChampionAggressiveStrategy,2025-04-28T06:45:00+00:00,2025-07-27T06:45:00+00:00,2025-07-27T06:45:00+00:00,2025-08-26T06:45:00+00:00,98,525.694441742167,515.9161682538048,-50.96548928321051,-24.18182437971199,5.569362310744263,4,"{""ema_exit_days"": 1.6217871330571523, ""entry_days"": 5.905641050159956, ""exit_days"": 1.8838441426418344, ""timeframe_minutes"": 5, ""trailing_drawdown_pct"": false}",-28.022379389492947,2.56823444901384,-42.496962362173676,-31.58379735766563,-98.17458327791178,3,0.0,0.0,7.722064802804113,2.5740216009347043,
19,GridTradingStrategyV2Aggressive,2025-04-28T06:45:00+00:00,2025-07-27T06:45:00+00:00,2025-07-27T06:45:00+00:00,2025-08-26T06:45:00+00:00,89,610.3366767377469,515.9161682538048,-50.96548928321051,-50.96548928321051,4.876688556462861,8,"{""allow_bear_breakout_sell"": true, ""atr_mult"": 1.0, ""breakout_slope_min"": 0.004106641146086239, ""breakout_window"": 30, ""buy_spacing_mult_bear"": 1.1067388920983892, ""center_lookback"": 35, ""cooldown_bars"": 5, ""fee_pct"": 0.0025, ""min_edge_pct"": 0.017806740536092887, ""min_step_pct"": 0.0397312953196918, ""min_strength"": 0.46137438043106166, ""no_sell_above_ema_fast_in_bull"": false, ""num_grids"": 19, ""recenter_dwell_bars"": 6, ""recenter_threshold_pct"": 0.10154236589870491, ""sell_spacing_mult_bull"": 1.0584960626514166, ""side_when_bear"": 1, ""slippage_pct"": 0.01, ""strong_slope_min"": 0.005338279756037668, ""timeframe_minutes"": 60, ""tol_buy_hi"": 0.01247866428995609, ""tol_buy_lo"": 0.01, ""tol_sell_hi"": 0.01981810027629843, ""tol_sell_lo"": 0.005, ""trail_atr_mult"": 2.073705550644707, ""trend_ema_fast"": 50, ""trend_ema_slow"": 176}",34.54894812727862,2.56823444901384,-42.496962362173676,-11.924544219325883,3607.946078239449,6,100.0,inf,20.44467119692412,3.4074451994873534,
19,Strategy_62_RSIAvgs,2025-04-28T06:45:00+00:00,2025-07-27T06:45:00+00:00,2025-07-27T06:45:00+00:00,2025-08-26T06:45:00+00:00,200,552.8795481779525,515.9161682538048,-50.96548928321051,-50.96548928321051,4.526452948476828,2,"{""ma_periods"": [5, 10, 20], ""overbought"": 87, ""oversold"": 42, ""rsi_period"": 14, ""signal_threshold"": true}",0.6701920097315961,2.56823444901384,-42.496962362173676,-42.496962362173676,8.47228108854232,1,100.0,inf,2.9954781550190313,2.9954781550190313,
20,CompositeMomentumIndexStrategy,2025-05-28T06:45:00+00:00,2025-08-26T06:45:00+00:00,2025-08-26T06:45:00+00:00,2025-09-25T06:45:00+00:00,181,174.95739844527313,67.24179857894197,-46.332407540900235,-30.541523799495497,3.8800542025478904,3,"{""roc_period"": 12, ""rsi_period"": 16, ""signal_threshold"": 0.36328469724382595, ""tsi_long"": 34, ""tsi_short"": 11}",31.937928467988197,-30.97246290699568,-47.792487719920295,-41.871845635835626,2820.890400383202,2,100.0,inf,7.2353615244421885,3.6176807622210942,
20,CSMARevertStrategy,2025-05-28T06:45:00+00:00,2025-08-26T06:45:00+00:00,2025-08-26T06:45:00+00:00,2025-09-25T06:45:00+00:00,17,97.59116041268504,67.24179857894197,-46.332407540900235,-46.33240754090022,2.3599879133889607,1,"{""entry_drop"": false, ""exit_up"": true, ""n_sma"": 336, ""rsi_max"": 26.706137300794307, ""rsi_period"": 36, ""timeframe_minutes"": 5}",-23.925987898740342,-30.97246290699568,-47.792487719920295,-38.69386891260101,-96.41872419351016,1,0.0,0.0,2.6317986699622904,2.6317986699622904,
20,DonchianChampionAggressiveStrategy,2025-05-28T06:45:00+00:00,2025-08-26T06:45:00+00:00,2025-08-26T06:45:00+00:00,2025-09-25T06:45:00+00:00,78,51.92560404120323,67.24179857894197,-46.332407540900235,-48.00620975069694,1.9742179253410184,7,"{""ema_exit_days"": 3.0, ""entry_days"": 5.847286641741999, ""exit_days"": 1.636894040568547, ""timeframe_minutes"": 5, ""trailing_drawdown_pct"": true}",-1.5850569517411595,-30.97246290699568,-47.792487719920295,-13.156701210629318,-17.677720977847635,1,0.0,0.0,2.962132010047118,2.962132010047118,
20,GridTradingStrategyV2Aggressive,2025-05-28T06:45:00+00:00,2025-08-26T06:45:00+00:00,2025-08-26T06:45:00+00:00,2025-09-25T06:45:00+00:00,219,303.3639007625701,67.24179857894197,-46.332407540900235,-46.33240754090022,4.201538404152589,14,"{""allow_bear_breakout_sell"": 0, ""atr_mult"": 1.6524041239664626, ""breakout_slope_min"": 0.00215543379953682, ""breakout_window"": 17, ""buy_spacing_mult_bear"": 1.4025296486227763, ""center_lookback"": 30, ""cooldown_bars"": 2, ""fee_pct"": 0.0025, ""min_edge_pct"": 0.02670804786213389, ""min_step_pct"": 0.02362462352293379, ""min_strength"": 0.55, ""no_sell_above_ema_fast_in_bull"": false, ""num_grids"": 19, ""recenter_dwell_bars"": 6, ""recenter_threshold_pct"": 0.14585484770337437, ""sell_spacing_mult_bull"": 1.5014984447655437, ""side_when_bear"": 0, ""slippage_pct"": 0.01, ""strong_slope_min"": 0.006916486639608784, ""timeframe_minutes"": 60, ""tol_buy_hi"": 0.005989095743928464, ""tol_buy_lo"": 0.011947499274491725, ""tol_sell_hi"": 0.008661194306494029, ""tol_sell_lo"": 0.013859236822744656, ""trail_atr_mult"": 2.2086111986900208, ""trend_ema_fast"": 77, ""trend_ema_slow"": 157}",28.741517032543417,-30.97246290699568,-47.792487719920295,-5.078398009821717,2066.893517301973,4,100.0,inf,13.951410428393565,3.4878526070983913,
20,Strategy_62_RSIAvgs,2025-05-28T06:45:00+00:00,2025-08-26T06:45:00+00:00,2025-08-26T06:45:00+00:00,2025-09-25T06:45:00+00:00,5,128.1576139374018,67.24179857894197,-46.332407540900235,-46.33240754090022,2.6536607756469057,1,"{""ma_periods"": [5, 10, 20], ""overbought"": 82, ""oversold"": 30, ""rsi_period"": 22, ""signal_threshold"": 0.6}",-18.3142220615937,-30.97246290699568,-47.792487719920295,-31.50388466415214,-91.48131934856151,1,0.0,0.0,2.714774323803948,2.714774323803948,
