timeframe,train_start,train_end,test_start,test_end,final_balance,total_return_pct,buy_hold_final_balance,buy_hold_total_return_pct,trades,strength_threshold,config_name,threshold_mode,trailing_mode,cooldown_bars,fold_index
5min,2023-10-06 06:45:00,2024-04-03 06:45:00,2024-04-03 06:45:00,2024-05-03 06:45:00,2477.3186546108313,147.73186546108312,863.0842913621159,-13.691570863788415,20,-42.846778722859405,v8,quantile_grid,atr,0,0
5min,2023-11-05 06:45:00,2024-05-03 06:45:00,2024-05-03 06:45:00,2024-06-02 06:45:00,1949.420220338541,94.94202203385409,1095.985985357417,9.598598535741697,12,-41.249509473596795,v8,quantile_grid,atr,0,1
5min,2023-12-05 06:45:00,2024-06-02 06:45:00,2024-06-02 06:45:00,2024-07-02 06:45:00,1544.5483502185773,54.454835021857726,798.3002742046021,-20.169972579539785,30,-41.249509473596795,v8,quantile_grid,atr,0,2
5min,2024-01-04 06:45:00,2024-07-02 06:45:00,2024-07-02 06:45:00,2024-08-01 06:45:00,1508.3079688421926,50.830796884219254,385.5362517045259,-61.4463748295474,18,-35.74852931974071,v8,quantile_grid,atr,0,3
5min,2024-02-03 06:45:00,2024-08-01 06:45:00,2024-08-01 06:45:00,2024-08-31 06:45:00,1773.2701069181396,77.32701069181395,1106.1812330524451,10.61812330524452,30,-35.74852931974071,v8,quantile_grid,atr,0,4
5min,2024-03-04 06:45:00,2024-08-31 06:45:00,2024-08-31 06:45:00,2024-09-30 06:45:00,6133.302157827827,513.3302157827827,2644.9883921167816,164.49883921167813,26,-36.41588668160791,v8,quantile_grid,atr,0,5
5min,2024-04-03 06:45:00,2024-09-30 06:45:00,2024-09-30 06:45:00,2024-10-30 06:45:00,1669.7719828575905,66.97719828575906,770.6194907689879,-22.938050923101205,22,-38.849902115644184,v8,quantile_grid,atr,0,6
5min,2024-05-03 06:45:00,2024-10-30 06:45:00,2024-10-30 06:45:00,2024-11-29 06:45:00,25153.858491725445,2415.3858491725446,10798.447924549891,979.8447924549893,26,-38.849902115644184,v8,quantile_grid,atr,0,7
5min,2024-06-02 06:45:00,2024-11-29 06:45:00,2024-11-29 06:45:00,2024-12-29 06:45:00,3183.0527585731566,218.30527585731568,426.7824875601137,-57.321751243988636,22,-38.849902115644184,v8,quantile_grid,atr,0,8
5min,2024-07-02 06:45:00,2024-12-29 06:45:00,2024-12-29 06:45:00,2025-01-28 06:45:00,3371.4486843549826,237.14486843549824,1323.0252161139977,32.30252161139977,30,-38.94094288766637,v8,quantile_grid,atr,0,9
5min,2024-08-01 06:45:00,2025-01-28 06:45:00,2025-01-28 06:45:00,2025-02-27 06:45:00,2347.155137716172,134.71551377161717,423.12234189670977,-57.68776581032902,22,-38.94094288766637,v8,quantile_grid,atr,0,10
5min,2024-08-31 06:45:00,2025-02-27 06:45:00,2025-02-27 06:45:00,2025-03-29 06:45:00,3688.47803053169,268.847803053169,233.4119589902398,-76.65880410097601,34,-38.94094288766637,v8,quantile_grid,atr,0,11
5min,2024-09-30 06:45:00,2025-03-29 06:45:00,2025-03-29 06:45:00,2025-04-28 06:45:00,13425.493133393707,1242.5493133393709,433.6854911580638,-56.63145088419361,16,-119.6527757017019,v8,quantile_grid,atr,0,12
5min,2024-10-30 06:45:00,2025-04-28 06:45:00,2025-04-28 06:45:00,2025-05-28 06:45:00,4934.0134037591115,393.40134037591116,3792.0163909108205,279.20163909108203,24,-276.3656149277638,v8,quantile_grid,atr,0,13
5min,2024-11-29 06:45:00,2025-05-28 06:45:00,2025-05-28 06:45:00,2025-06-27 06:45:00,2469.6798584247667,146.96798584247665,1008.6224132841926,0.8622413284192554,16,-276.3656149277638,v8,quantile_grid,atr,0,14
5min,2024-12-29 06:45:00,2025-06-27 06:45:00,2025-06-27 06:45:00,2025-07-27 06:45:00,1933.6260193044866,93.36260193044865,1606.6241952431023,60.66241952431024,12,-276.3656149277638,v8,quantile_grid,atr,0,15
5min,2025-01-28 06:45:00,2025-07-27 06:45:00,2025-07-27 06:45:00,2025-08-26 06:45:00,2413.1968541334945,141.31968541334948,1025.6823444901383,2.56823444901384,10,-276.3656149277638,v8,quantile_grid,atr,0,16
5min,2025-02-27 06:45:00,2025-08-26 06:45:00,2025-08-26 06:45:00,2025-09-25 06:45:00,990.2828595917069,-0.9717140408293079,690.2753709300432,-30.97246290699568,12,-276.3656149277638,v8,quantile_grid,atr,0,17
15min,2023-10-06 06:45:00,2024-04-03 06:45:00,2024-04-03 06:45:00,2024-05-03 06:45:00,2413.0752620169987,141.3075262016999,864.6238545993971,-13.537614540060295,12,-56.43251906808173,v8,quantile_grid,atr,0,0
15min,2023-11-05 06:45:00,2024-05-03 06:45:00,2024-05-03 06:45:00,2024-06-02 06:45:00,1763.1296443850995,76.31296443850995,1097.0642381070102,9.706423810701015,10,-47.47264763446496,v8,quantile_grid,atr,0,1
15min,2023-12-05 06:45:00,2024-06-02 06:45:00,2024-06-02 06:45:00,2024-07-02 06:45:00,1669.5861503859292,66.95861503859291,794.3954145277806,-20.560458547221938,18,-47.47264763446496,v8,quantile_grid,atr,0,2
15min,2024-01-04 06:45:00,2024-07-02 06:45:00,2024-07-02 06:45:00,2024-08-01 06:45:00,1522.4764762336022,52.24764762336023,374.6202054064746,-62.537979459352535,20,-28.880218122162933,v8,quantile_grid,atr,0,3
15min,2024-02-03 06:45:00,2024-08-01 06:45:00,2024-08-01 06:45:00,2024-08-31 06:45:00,1996.165119538142,99.6165119538142,1114.1604362904839,11.416043629048378,12,-55.40505703422618,v8,quantile_grid,atr,0,4
15min,2024-03-04 06:45:00,2024-08-31 06:45:00,2024-08-31 06:45:00,2024-09-30 06:45:00,5066.289624655698,406.6289624655698,2663.4481402795823,166.34481402795825,14,-55.40505703422618,v8,quantile_grid,atr,0,5
15min,2024-04-03 06:45:00,2024-09-30 06:45:00,2024-09-30 06:45:00,2024-10-30 06:45:00,1304.2608655261142,30.42608655261143,770.527463975751,-22.94725360242491,12,-55.40505703422618,v8,quantile_grid,atr,0,6
15min,2024-05-03 06:45:00,2024-10-30 06:45:00,2024-10-30 06:45:00,2024-11-29 06:45:00,15190.127930699733,1419.0127930699732,10847.802676704228,984.7802676704229,12,-55.40505703422618,v8,quantile_grid,atr,0,7
15min,2024-06-02 06:45:00,2024-11-29 06:45:00,2024-11-29 06:45:00,2024-12-29 06:45:00,1369.226422705471,36.92264227054709,424.49103918025196,-57.55089608197481,10,-55.40505703422618,v8,quantile_grid,atr,0,8
15min,2024-07-02 06:45:00,2024-12-29 06:45:00,2024-12-29 06:45:00,2025-01-28 06:45:00,2549.6082249493174,154.96082249493176,1325.6038600793916,32.56038600793916,12,-55.40505703422618,v8,quantile_grid,atr,0,9
15min,2024-08-01 06:45:00,2025-01-28 06:45:00,2025-01-28 06:45:00,2025-02-27 06:45:00,1305.5698277826402,30.556982778264018,421.9519746387379,-57.80480253612621,6,-39.15974166497108,v8,quantile_grid,atr,0,10
15min,2024-08-31 06:45:00,2025-02-27 06:45:00,2025-02-27 06:45:00,2025-03-29 06:45:00,1748.7095032680234,74.87095032680233,233.58616336016087,-76.64138366398392,20,-37.612381914748305,v8,quantile_grid,atr,0,11
15min,2024-09-30 06:45:00,2025-03-29 06:45:00,2025-03-29 06:45:00,2025-04-28 06:45:00,4989.163270963233,398.9163270963233,434.07730676238646,-56.59226932376136,18,-143.506111968335,v8,quantile_grid,atr,0,12
15min,2024-10-30 06:45:00,2025-04-28 06:45:00,2025-04-28 06:45:00,2025-05-28 06:45:00,4687.7296171490725,368.77296171490724,3810.7672499112086,281.0767249911209,6,-295.4415575826334,v8,quantile_grid,atr,0,13
15min,2024-11-29 06:45:00,2025-05-28 06:45:00,2025-05-28 06:45:00,2025-06-27 06:45:00,2166.4974744435985,116.64974744435987,1013.4788906024959,1.3478890602495852,10,-295.4415575826334,v8,quantile_grid,atr,0,14
15min,2024-12-29 06:45:00,2025-06-27 06:45:00,2025-06-27 06:45:00,2025-07-27 06:45:00,2252.1960736030233,125.21960736030233,1601.584294735729,60.15842947357288,12,-295.4415575826334,v8,quantile_grid,atr,0,15
15min,2025-01-28 06:45:00,2025-07-27 06:45:00,2025-07-27 06:45:00,2025-08-26 06:45:00,1516.9270462284446,51.69270462284445,1023.2239504187693,2.3223950418769235,8,-295.4415575826334,v8,quantile_grid,atr,0,16
15min,2025-02-27 06:45:00,2025-08-26 06:45:00,2025-08-26 06:45:00,2025-09-25 06:45:00,960.6936381133206,-3.9306361886679353,691.6988175882476,-30.830118241175242,8,-295.4415575826334,v8,quantile_grid,atr,0,17
30min,2023-10-06 07:00:00,2024-04-03 07:00:00,2024-04-03 07:00:00,2024-05-03 07:00:00,2943.328134452347,194.3328134452347,858.7551217678291,-14.124487823217091,24,-63.177480687290654,v8,quantile_grid,atr,0,0
30min,2023-11-05 07:00:00,2024-05-03 07:00:00,2024-05-03 07:00:00,2024-06-02 07:00:00,1771.3941818536405,77.13941818536405,1109.99166235048,10.999166235047998,18,-60.26413404519085,v8,quantile_grid,atr,0,1
30min,2023-12-05 07:00:00,2024-06-02 07:00:00,2024-06-02 07:00:00,2024-07-02 07:00:00,1553.0346921180685,55.30346921180684,792.5699032919111,-20.74300967080889,20,-60.26413404519085,v8,quantile_grid,atr,0,2
30min,2024-01-04 07:00:00,2024-07-02 07:00:00,2024-07-02 07:00:00,2024-08-01 07:00:00,1322.4460600750106,32.244606007501055,372.92039045579816,-62.70796095442018,24,-67.92621957097244,v8,quantile_grid,atr,0,3
30min,2024-02-03 07:00:00,2024-08-01 07:00:00,2024-08-01 07:00:00,2024-08-31 07:00:00,1739.9196741424998,73.99196741424998,1110.9473276910996,11.09473276910997,22,-75.5961302672824,v8,quantile_grid,atr,0,4
30min,2024-03-04 07:00:00,2024-08-31 07:00:00,2024-08-31 07:00:00,2024-09-30 07:00:00,5612.87290491196,461.287290491196,2674.1320856608963,167.41320856608962,24,-75.5961302672824,v8,quantile_grid,atr,0,5
30min,2024-04-03 07:00:00,2024-09-30 07:00:00,2024-09-30 07:00:00,2024-10-30 07:00:00,1411.150581312848,41.1150581312848,765.4094820933553,-23.459051790664464,16,-75.5961302672824,v8,quantile_grid,atr,0,6
30min,2024-05-03 07:00:00,2024-10-30 07:00:00,2024-10-30 07:00:00,2024-11-29 07:00:00,15502.934289040051,1450.2934289040052,10850.49232154191,985.0492321541909,20,-75.5961302672824,v8,quantile_grid,atr,0,7
30min,2024-06-02 07:00:00,2024-11-29 07:00:00,2024-11-29 07:00:00,2024-12-29 07:00:00,2675.4547251885288,167.54547251885285,428.42941463883227,-57.157058536116764,20,-75.5961302672824,v8,quantile_grid,atr,0,8
30min,2024-07-02 07:00:00,2024-12-29 07:00:00,2024-12-29 07:00:00,2025-01-28 07:00:00,3161.8053265695453,216.18053265695454,1326.8059982383884,32.68059982383884,22,-75.5961302672824,v8,quantile_grid,atr,0,9
30min,2024-08-01 07:00:00,2025-01-28 07:00:00,2025-01-28 07:00:00,2025-02-27 07:00:00,2023.2435294305867,102.32435294305868,422.4110530451728,-57.758894695482724,12,-50.12136839777235,v8,quantile_grid,atr,0,10
30min,2024-08-31 07:00:00,2025-02-27 07:00:00,2025-02-27 07:00:00,2025-03-29 07:00:00,2586.188057503365,158.61880575033652,235.5736114721594,-76.44263885278406,14,-45.72093544703004,v8,quantile_grid,atr,0,11
30min,2024-09-30 07:00:00,2025-03-29 07:00:00,2025-03-29 07:00:00,2025-04-28 07:00:00,11766.304189032016,1076.6304189032016,420.96682491594197,-57.903317508405806,24,-128.6768975342826,v8,quantile_grid,atr,0,12
30min,2024-10-30 07:00:00,2025-04-28 07:00:00,2025-04-28 07:00:00,2025-05-28 07:00:00,6186.902275598901,518.6902275598901,3896.8614132721746,289.68614132721746,16,-281.98885462632796,v8,quantile_grid,atr,0,13
30min,2024-11-29 07:00:00,2025-05-28 07:00:00,2025-05-28 07:00:00,2025-06-27 07:00:00,2370.2524950247075,137.02524950247076,1018.5142920620863,1.8514292062086213,16,-281.98885462632796,v8,quantile_grid,atr,0,14
30min,2024-12-29 07:00:00,2025-06-27 07:00:00,2025-06-27 07:00:00,2025-07-27 07:00:00,2562.4616225353025,156.24616225353023,1636.032385634054,63.6032385634054,22,-281.98885462632796,v8,quantile_grid,atr,0,15
30min,2025-01-28 07:00:00,2025-07-27 07:00:00,2025-07-27 07:00:00,2025-08-26 07:00:00,2449.496585984062,144.94965859840622,1038.1350894479954,3.8135089447995263,16,-281.98885462632796,v8,quantile_grid,atr,0,16
30min,2025-02-27 07:00:00,2025-08-26 07:00:00,2025-08-26 07:00:00,2025-09-25 07:00:00,1354.5893903099186,35.458939030991864,695.6553275836774,-30.434467241632255,14,-281.98885462632796,v8,quantile_grid,atr,0,17
1h,2023-10-06 07:00:00,2024-04-03 07:00:00,2024-04-03 07:00:00,2024-05-03 07:00:00,3252.8721259097633,225.28721259097634,869.5781239176976,-13.042187608230249,34,-77.73494791553709,v8,quantile_grid,atr,0,0
1h,2023-11-05 07:00:00,2024-05-03 07:00:00,2024-05-03 07:00:00,2024-06-02 07:00:00,1926.055118495807,92.60551184958071,1119.5918066847394,11.959180668473945,28,-72.31784447876709,v8,quantile_grid,atr,0,1
1h,2023-12-05 07:00:00,2024-06-02 07:00:00,2024-06-02 07:00:00,2024-07-02 07:00:00,1790.9927754265416,79.09927754265415,801.9469552983143,-19.805304470168572,16,-72.31784447876709,v8,quantile_grid,atr,0,2
1h,2024-01-04 07:00:00,2024-07-02 07:00:00,2024-07-02 07:00:00,2024-08-01 07:00:00,1523.9708584179016,52.397085841790144,415.12284652702687,-58.48771534729731,20,-68.3217942038309,v8,quantile_grid,atr,0,3
1h,2024-02-03 07:00:00,2024-08-01 07:00:00,2024-08-01 07:00:00,2024-08-31 07:00:00,1704.4295107729586,70.44295107729586,1105.8481762393224,10.584817623932242,22,-68.3217942038309,v8,quantile_grid,atr,0,4
1h,2024-03-04 07:00:00,2024-08-31 07:00:00,2024-08-31 07:00:00,2024-09-30 07:00:00,4913.115606159635,391.31156061596346,2655.2465367225527,165.52465367225525,22,-68.3217942038309,v8,quantile_grid,atr,0,5
1h,2024-04-03 07:00:00,2024-09-30 07:00:00,2024-09-30 07:00:00,2024-10-30 07:00:00,1472.7734703959811,47.27734703959812,759.1971460799899,-24.08028539200101,22,-68.3217942038309,v8,quantile_grid,atr,0,6
1h,2024-05-03 07:00:00,2024-10-30 07:00:00,2024-10-30 07:00:00,2024-11-29 07:00:00,14989.424352560793,1398.9424352560793,10461.075810003433,946.1075810003432,20,-68.3217942038309,v8,quantile_grid,atr,0,7
1h,2024-06-02 07:00:00,2024-11-29 07:00:00,2024-11-29 07:00:00,2024-12-29 07:00:00,2296.1233019805745,129.61233019805744,429.737579504895,-57.0262420495105,28,-68.3217942038309,v8,quantile_grid,atr,0,8
1h,2024-07-02 07:00:00,2024-12-29 07:00:00,2024-12-29 07:00:00,2025-01-28 07:00:00,2688.0663571168457,168.80663571168455,1321.1143872185494,32.11143872185494,26,-67.13393592295753,v8,quantile_grid,atr,0,9
1h,2024-08-01 07:00:00,2025-01-28 07:00:00,2025-01-28 07:00:00,2025-02-27 07:00:00,2137.310879904555,113.73108799045548,424.78315291034016,-57.52168470896598,24,-67.13393592295753,v8,quantile_grid,atr,0,10
1h,2024-08-31 07:00:00,2025-02-27 07:00:00,2025-02-27 07:00:00,2025-03-29 07:00:00,3773.2540781647353,277.3254078164735,225.03502056140857,-77.49649794385914,22,-83.01020164411958,v8,quantile_grid,atr,0,11
1h,2024-09-30 07:00:00,2025-03-29 07:00:00,2025-03-29 07:00:00,2025-04-28 07:00:00,1678.817622068411,67.8817622068411,414.89005777970414,-58.51099422202959,26,-179.44798868034093,v8,quantile_grid,atr,0,12
1h,2024-10-30 07:00:00,2025-04-28 07:00:00,2025-04-28 07:00:00,2025-05-28 07:00:00,4951.136027400183,395.1136027400183,3894.6619948558764,289.46619948558765,18,-179.44798868034093,v8,quantile_grid,atr,0,13
1h,2024-11-29 07:00:00,2025-05-28 07:00:00,2025-05-28 07:00:00,2025-06-27 07:00:00,2477.9306719451984,147.79306719451984,1024.0909142412934,2.409091424129328,22,-179.44798868034093,v8,quantile_grid,atr,0,14
1h,2024-12-29 07:00:00,2025-06-27 07:00:00,2025-06-27 07:00:00,2025-07-27 07:00:00,2499.4830506961607,149.94830506961608,1639.0465813799406,63.90465813799406,18,-179.44798868034093,v8,quantile_grid,atr,0,15
1h,2025-01-28 07:00:00,2025-07-27 07:00:00,2025-07-27 07:00:00,2025-08-26 07:00:00,2112.2496693939233,111.22496693939232,1036.857622909793,3.6857622909792997,24,-179.44798868034093,v8,quantile_grid,atr,0,16
1h,2025-02-27 07:00:00,2025-08-26 07:00:00,2025-08-26 07:00:00,2025-09-25 07:00:00,1328.1011322598604,32.810113225986036,706.854996120143,-29.3145003879857,20,-179.44798868034093,v8,quantile_grid,atr,0,17
2h,2023-10-06 08:00:00,2024-04-03 08:00:00,2024-04-03 08:00:00,2024-05-03 08:00:00,2353.194025809545,135.3194025809545,895.1389889058839,-10.486101109411605,12,-98.15967896806018,v8,quantile_grid,atr,0,0
2h,2023-11-05 08:00:00,2024-05-03 08:00:00,2024-05-03 08:00:00,2024-06-02 08:00:00,1972.0087713818518,97.20087713818519,1117.6734765194356,11.76734765194356,16,-62.977850185480875,v8,quantile_grid,atr,0,1
2h,2023-12-05 08:00:00,2024-06-02 08:00:00,2024-06-02 08:00:00,2024-07-02 08:00:00,1750.845052641678,75.08450526416779,802.5309923563907,-19.74690076436093,14,-62.977850185480875,v8,quantile_grid,atr,0,2
2h,2024-01-04 08:00:00,2024-07-02 08:00:00,2024-07-02 08:00:00,2024-08-01 08:00:00,1293.891117857737,29.389111785773704,419.73284454085285,-58.02671554591472,14,-45.266850001904906,v8,quantile_grid,atr,0,3
2h,2024-02-03 08:00:00,2024-08-01 08:00:00,2024-08-01 08:00:00,2024-08-31 08:00:00,1252.0704508643796,25.20704508643796,1098.4095206459601,9.84095206459601,22,-38.155467481944726,v8,quantile_grid,atr,0,4
2h,2024-03-04 08:00:00,2024-08-31 08:00:00,2024-08-31 08:00:00,2024-09-30 08:00:00,4279.500865354691,327.95008653546904,2657.539064539672,165.7539064539672,18,-40.93473205728038,v8,quantile_grid,atr,0,5
2h,2024-04-03 08:00:00,2024-09-30 08:00:00,2024-09-30 08:00:00,2024-10-30 08:00:00,1386.3341907303172,38.633419073031725,769.5789958587164,-23.042100414128353,20,-60.66928446659454,v8,quantile_grid,atr,0,6
2h,2024-05-03 08:00:00,2024-10-30 08:00:00,2024-10-30 08:00:00,2024-11-29 08:00:00,11553.829866427932,1055.3829866427932,10472.900686900906,947.2900686900907,14,-60.66928446659454,v8,quantile_grid,atr,0,7
2h,2024-06-02 08:00:00,2024-11-29 08:00:00,2024-11-29 08:00:00,2024-12-29 08:00:00,2054.551980307682,105.45519803076817,436.46622055369113,-56.35337794463089,14,-60.66928446659454,v8,quantile_grid,atr,0,8
2h,2024-07-02 08:00:00,2024-12-29 08:00:00,2024-12-29 08:00:00,2025-01-28 08:00:00,1844.4294304801615,84.44294304801613,1322.3765650168998,32.23765650168997,18,-60.66928446659454,v8,quantile_grid,atr,0,9
2h,2024-08-01 08:00:00,2025-01-28 08:00:00,2025-01-28 08:00:00,2025-02-27 08:00:00,1059.334136943063,5.933413694306289,423.91811594877885,-57.60818840512212,20,-60.66928446659454,v8,quantile_grid,atr,0,10
2h,2024-08-31 08:00:00,2025-02-27 08:00:00,2025-02-27 08:00:00,2025-03-29 08:00:00,4559.304792421435,355.9304792421435,223.9522172650151,-77.60477827349848,20,-84.46772943734751,v8,quantile_grid,atr,0,11
2h,2024-09-30 08:00:00,2025-03-29 08:00:00,2025-03-29 08:00:00,2025-04-28 08:00:00,1207.148548410334,20.714854841033393,405.6996536958226,-59.43003463041774,14,-131.19458452631406,v8,quantile_grid,atr,0,12
2h,2024-10-30 08:00:00,2025-04-28 08:00:00,2025-04-28 08:00:00,2025-05-28 08:00:00,4003.7494112498243,300.37494112498246,3845.819829099299,284.58198290992993,12,-131.19458452631406,v8,quantile_grid,atr,0,13
2h,2024-11-29 08:00:00,2025-05-28 08:00:00,2025-05-28 08:00:00,2025-06-27 08:00:00,2185.949056189121,118.59490561891212,1023.3180018765963,2.3318001876596384,18,-131.19458452631406,v8,quantile_grid,atr,0,14
2h,2024-12-29 08:00:00,2025-06-27 08:00:00,2025-06-27 08:00:00,2025-07-27 08:00:00,2138.8708552827393,113.88708552827391,1616.2348824670562,61.62348824670563,18,-131.19458452631406,v8,quantile_grid,atr,0,15
2h,2025-01-28 08:00:00,2025-07-27 08:00:00,2025-07-27 08:00:00,2025-08-26 08:00:00,1947.9279021784987,94.79279021784987,1026.2993069809786,2.629930698097871,16,-131.19458452631406,v8,quantile_grid,atr,0,16
2h,2025-02-27 08:00:00,2025-08-26 08:00:00,2025-08-26 08:00:00,2025-09-25 08:00:00,1125.4755341379164,12.547553413791634,698.7205710966202,-30.127942890337977,12,-131.19458452631406,v8,quantile_grid,atr,0,17
4h,2023-10-06 08:00:00,2024-04-03 08:00:00,2024-04-03 08:00:00,2024-05-03 08:00:00,2051.136149494527,105.11361494945271,921.008960338883,-7.899103966111709,8,-101.04595153500408,v8,quantile_grid,atr,0,0
4h,2023-11-05 08:00:00,2024-05-03 08:00:00,2024-05-03 08:00:00,2024-06-02 08:00:00,1601.321384967022,60.13213849670218,1111.826160500073,11.182616050007299,16,-43.80283287889842,v8,quantile_grid,atr,0,1
4h,2023-12-05 08:00:00,2024-06-02 08:00:00,2024-06-02 08:00:00,2024-07-02 08:00:00,1626.3966246589607,62.63966246589607,811.5636339127831,-18.84363660872169,8,-43.80283287889842,v8,quantile_grid,atr,0,2
4h,2024-01-04 08:00:00,2024-07-02 08:00:00,2024-07-02 08:00:00,2024-08-01 08:00:00,1226.4750241312531,22.64750241312532,423.6711523678694,-57.63288476321306,12,-43.80283287889842,v8,quantile_grid,atr,0,3
4h,2024-02-03 08:00:00,2024-08-01 08:00:00,2024-08-01 08:00:00,2024-08-31 08:00:00,1266.2562689318722,26.625626893187217,1099.6648021112812,9.966480211128115,8,-43.80283287889842,v8,quantile_grid,atr,0,4
4h,2024-03-04 08:00:00,2024-08-31 08:00:00,2024-08-31 08:00:00,2024-09-30 08:00:00,3752.635258645328,275.2635258645328,2781.0508415303507,178.10508415303508,10,-43.80283287889842,v8,quantile_grid,atr,0,5
4h,2024-04-03 08:00:00,2024-09-30 08:00:00,2024-09-30 08:00:00,2024-10-30 08:00:00,1102.8234261724394,10.282342617243945,764.4638211860059,-23.553617881399404,10,-32.36050663375924,v8,quantile_grid,atr,0,6
4h,2024-05-03 08:00:00,2024-10-30 08:00:00,2024-10-30 08:00:00,2024-11-29 08:00:00,10592.373412057012,959.2373412057011,9613.928378872824,861.3928378872824,8,-32.36050663375924,v8,quantile_grid,atr,0,7
4h,2024-06-02 08:00:00,2024-11-29 08:00:00,2024-11-29 08:00:00,2024-12-29 08:00:00,989.2730857370378,-1.0726914262962128,428.5145467553363,-57.14854532446637,10,-32.36050663375924,v8,quantile_grid,atr,0,8
4h,2024-07-02 08:00:00,2024-12-29 08:00:00,2024-12-29 08:00:00,2025-01-28 08:00:00,2016.5276377210355,101.65276377210355,1307.036030603081,30.703603060308083,6,-57.36832214875573,v8,quantile_grid,atr,0,9
4h,2024-08-01 08:00:00,2025-01-28 08:00:00,2025-01-28 08:00:00,2025-02-27 08:00:00,875.4098206812467,-12.459017931875326,430.494299087879,-56.95057009121209,12,-57.36832214875573,v8,quantile_grid,atr,0,10
4h,2024-08-31 08:00:00,2025-02-27 08:00:00,2025-02-27 08:00:00,2025-03-29 08:00:00,1445.2682828326338,44.52682828326338,227.615585865195,-77.2384414134805,12,-64.78932875261967,v8,quantile_grid,atr,0,11
4h,2024-09-30 08:00:00,2025-03-29 08:00:00,2025-03-29 08:00:00,2025-04-28 08:00:00,1014.7688256691156,1.4768825669115637,419.9187924083653,-58.008120759163475,4,-104.22983645315428,v8,quantile_grid,atr,0,12
4h,2024-10-30 08:00:00,2025-04-28 08:00:00,2025-04-28 08:00:00,2025-05-28 08:00:00,3822.9571171493303,282.295711714933,3821.004637694335,282.1004637694335,6,-104.22983645315428,v8,quantile_grid,atr,0,13
4h,2024-11-29 08:00:00,2025-05-28 08:00:00,2025-05-28 08:00:00,2025-06-27 08:00:00,1773.6150016983408,77.36150016983407,1025.9151569810924,2.591515698109248,10,-104.22983645315428,v8,quantile_grid,atr,0,14
4h,2024-12-29 08:00:00,2025-06-27 08:00:00,2025-06-27 08:00:00,2025-07-27 08:00:00,2238.8223464161397,123.88223464161396,1591.6297184516015,59.16297184516015,12,-104.22983645315428,v8,quantile_grid,atr,0,15
4h,2025-01-28 08:00:00,2025-07-27 08:00:00,2025-07-27 08:00:00,2025-08-26 08:00:00,1588.242691569024,58.824269156902396,1032.6231468664564,3.26231468664564,8,-104.22983645315428,v8,quantile_grid,atr,0,16
4h,2025-02-27 08:00:00,2025-08-26 08:00:00,2025-08-26 08:00:00,2025-09-25 08:00:00,1047.8182878488092,4.781828784880915,709.6574980282717,-29.034250197172828,10,-104.22983645315428,v8,quantile_grid,atr,0,17
8h,2023-10-06 08:00:00,2024-04-03 08:00:00,2024-04-03 08:00:00,2024-05-03 08:00:00,1567.6173044970851,56.761730449708516,963.5058054179361,-3.649419458206382,4,-30.74685318700512,v8,quantile_grid,atr,0,0
8h,2023-11-05 08:00:00,2024-05-03 08:00:00,2024-05-03 08:00:00,2024-06-02 08:00:00,1423.0463660752112,42.304636607521104,1097.5191270214045,9.751912702140464,6,-29.522237175748817,v8,quantile_grid,atr,0,1
8h,2023-12-05 08:00:00,2024-06-02 08:00:00,2024-06-02 08:00:00,2024-07-02 08:00:00,1341.1836672319384,34.11836672319384,796.2445261018468,-20.37554738981533,6,-29.522237175748817,v8,quantile_grid,atr,0,2
8h,2024-01-04 08:00:00,2024-07-02 08:00:00,2024-07-02 08:00:00,2024-08-01 08:00:00,1027.304828642324,2.7304828642324086,472.8343046292273,-52.71656953707728,6,-15.125694101659898,v8,quantile_grid,atr,0,3
8h,2024-02-03 08:00:00,2024-08-01 08:00:00,2024-08-01 08:00:00,2024-08-31 08:00:00,1112.5114115084975,11.251141150849753,1093.3520662658245,9.335206626582448,6,-14.65118109481061,v8,quantile_grid,atr,0,4
8h,2024-03-04 08:00:00,2024-08-31 08:00:00,2024-08-31 08:00:00,2024-09-30 08:00:00,2845.573368888809,184.5573368888809,2905.6582404066503,190.56582404066503,10,-15.502003958936632,v8,quantile_grid,atr,0,5
8h,2024-04-03 08:00:00,2024-09-30 08:00:00,2024-09-30 08:00:00,2024-10-30 08:00:00,929.0454689913724,-7.095453100862759,769.6487779606459,-23.03512220393541,10,-25.515352408806823,v8,quantile_grid,atr,0,6
8h,2024-05-03 08:00:00,2024-10-30 08:00:00,2024-10-30 08:00:00,2024-11-29 08:00:00,7148.063265938845,614.8063265938845,7779.562795081961,677.9562795081961,6,-25.515352408806823,v8,quantile_grid,atr,0,7
8h,2024-06-02 08:00:00,2024-11-29 08:00:00,2024-11-29 08:00:00,2024-12-29 08:00:00,1072.793449916761,7.279344991676084,442.56414517264017,-55.743585482735995,8,-26.65106199640604,v8,quantile_grid,atr,0,8
8h,2024-07-02 08:00:00,2024-12-29 08:00:00,2024-12-29 08:00:00,2025-01-28 08:00:00,1509.050568261613,50.905056826161314,1349.8984823250787,34.98984823250788,8,-74.2245456616181,v8,quantile_grid,atr,0,9
8h,2024-08-01 08:00:00,2025-01-28 08:00:00,2025-01-28 08:00:00,2025-02-27 08:00:00,938.767842645657,-6.123215735434306,411.04111977478897,-58.895888022521106,6,-74.2245456616181,v8,quantile_grid,atr,0,10
8h,2024-08-31 08:00:00,2025-02-27 08:00:00,2025-02-27 08:00:00,2025-03-29 08:00:00,456.37022748755004,-54.36297725124499,240.80855156613526,-75.91914484338648,16,-74.2245456616181,v8,quantile_grid,atr,0,11
8h,2024-09-30 08:00:00,2025-03-29 08:00:00,2025-03-29 08:00:00,2025-04-28 08:00:00,868.0745815868661,-13.192541841313387,412.2406844491038,-58.77593155508962,8,-94.42159565225502,v8,quantile_grid,atr,0,12
8h,2024-10-30 08:00:00,2025-04-28 08:00:00,2025-04-28 08:00:00,2025-05-28 08:00:00,3674.412240652854,267.4412240652854,3787.175387825354,278.7175387825354,2,-94.42159565225502,v8,quantile_grid,atr,0,13
8h,2024-11-29 08:00:00,2025-05-28 08:00:00,2025-05-28 08:00:00,2025-06-27 08:00:00,2060.33025750653,106.03302575065298,993.8409499959471,-0.6159050004052924,4,-94.42159565225502,v8,quantile_grid,atr,0,14
8h,2024-12-29 08:00:00,2025-06-27 08:00:00,2025-06-27 08:00:00,2025-07-27 08:00:00,1722.7393355060256,72.27393355060256,1579.5321002884882,57.953210028848815,6,-94.42159565225502,v8,quantile_grid,atr,0,15
8h,2025-01-28 08:00:00,2025-07-27 08:00:00,2025-07-27 08:00:00,2025-08-26 08:00:00,1076.8691389298176,7.68691389298175,1052.4553761054924,5.245537610549245,6,-94.42159565225502,v8,quantile_grid,atr,0,16
8h,2025-02-27 08:00:00,2025-08-26 08:00:00,2025-08-26 08:00:00,2025-09-25 08:00:00,1072.8853010629275,7.2885301062927565,710.6306305495698,-28.936936945043023,6,-94.42159565225502,v8,quantile_grid,atr,0,17
16h,2023-10-06 16:00:00,2024-04-03 16:00:00,2024-04-03 16:00:00,2024-05-03 16:00:00,1695.8351911027169,69.5835191102717,861.9562795394846,-13.804372046051538,4,-14.114650470726543,v8,quantile_grid,atr,0,0
16h,2023-11-05 16:00:00,2024-05-03 16:00:00,2024-05-03 16:00:00,2024-06-02 16:00:00,1004.4511938352503,0.4451193835250278,1047.4212911152795,4.742129111527937,4,-14.114650470726543,v8,quantile_grid,atr,0,1
16h,2023-12-05 16:00:00,2024-06-02 16:00:00,2024-06-02 16:00:00,2024-07-02 16:00:00,1151.3364361222111,15.133643612221114,761.8723475530185,-23.812765244698152,2,-14.114650470726543,v8,quantile_grid,atr,0,2
16h,2024-01-04 16:00:00,2024-07-02 16:00:00,2024-07-02 16:00:00,2024-08-01 16:00:00,1125.4327135960586,12.543271359605868,483.7154864402713,-51.62845135597287,2,-14.114650470726543,v8,quantile_grid,atr,0,3
16h,2024-02-03 16:00:00,2024-08-01 16:00:00,2024-08-01 16:00:00,2024-08-31 16:00:00,1040.4312778731576,4.043127787315748,1048.870984808449,4.887098480844898,4,-9.898626740521108,v8,quantile_grid,atr,0,4
16h,2024-03-04 16:00:00,2024-08-31 16:00:00,2024-08-31 16:00:00,2024-09-30 16:00:00,1765.5505840451497,76.55505840451498,2722.322019354292,172.2322019354292,4,-9.898626740521108,v8,quantile_grid,atr,0,5
16h,2024-04-03 16:00:00,2024-09-30 16:00:00,2024-09-30 16:00:00,2024-10-30 16:00:00,1051.0550409155458,5.105504091554569,784.9603469822026,-21.503965301779736,4,-9.898626740521108,v8,quantile_grid,atr,0,6
16h,2024-05-03 16:00:00,2024-10-30 16:00:00,2024-10-30 16:00:00,2024-11-29 16:00:00,6584.297091036558,558.4297091036558,7882.943265850766,688.2943265850765,4,-2.6432390601261884,v8,quantile_grid,atr,0,7
16h,2024-06-02 16:00:00,2024-11-29 16:00:00,2024-11-29 16:00:00,2024-12-29 16:00:00,698.1122266804666,-30.188777331953343,471.43158264764514,-52.856841735235484,6,-16.243816093468492,v8,quantile_grid,atr,0,8
16h,2024-07-02 16:00:00,2024-12-29 16:00:00,2024-12-29 16:00:00,2025-01-28 16:00:00,1539.977594608761,53.99775946087608,1545.2694453170081,54.52694453170081,4,-20.129931628079227,v8,quantile_grid,atr,0,9
16h,2024-08-01 16:00:00,2025-01-28 16:00:00,2025-01-28 16:00:00,2025-02-27 16:00:00,1000.0,0.0,412.6706941834845,-58.732930581651544,0,-22.184202488875357,v8,quantile_grid,atr,0,10
16h,2024-08-31 16:00:00,2025-02-27 16:00:00,2025-02-27 16:00:00,2025-03-29 16:00:00,814.1409046964592,-18.585909530354083,247.78363449141344,-75.22163655085865,2,-22.184202488875357,v8,quantile_grid,atr,0,11
16h,2024-09-30 16:00:00,2025-03-29 16:00:00,2025-03-29 16:00:00,2025-04-28 16:00:00,1000.0,0.0,393.6836175803713,-60.63163824196287,0,-22.184202488875357,v8,quantile_grid,atr,0,12
16h,2024-10-30 16:00:00,2025-04-28 16:00:00,2025-04-28 16:00:00,2025-05-28 16:00:00,3490.1717036645728,249.0171703664573,3969.4799612173297,296.94799612173296,2,-22.184202488875357,v8,quantile_grid,atr,0,13
16h,2024-11-29 16:00:00,2025-05-28 16:00:00,2025-05-28 16:00:00,2025-06-27 16:00:00,1815.0881919965987,81.50881919965987,1020.7746101012754,2.077461010127535,4,-22.184202488875357,v8,quantile_grid,atr,0,14
16h,2024-12-29 16:00:00,2025-06-27 16:00:00,2025-06-27 16:00:00,2025-07-27 16:00:00,1626.1150159852841,62.61150159852842,1506.8861662768165,50.68861662768165,6,-22.184202488875357,v8,quantile_grid,atr,0,15
16h,2025-01-28 16:00:00,2025-07-27 16:00:00,2025-07-27 16:00:00,2025-08-26 16:00:00,1199.7406755155675,19.97406755155675,1067.5169515972261,6.751695159722604,4,-5.198871434600671,v8,quantile_grid,atr,0,16
16h,2025-02-27 16:00:00,2025-08-26 16:00:00,2025-08-26 16:00:00,2025-09-25 16:00:00,857.3881057912465,-14.261189420875354,831.6102301573059,-16.838976984269415,6,-5.198871434600671,v8,quantile_grid,atr,0,17
1d,2023-10-07 00:00:00,2024-04-04 00:00:00,2024-04-04 00:00:00,2024-05-04 00:00:00,1097.9090304022639,9.790903040226384,712.2955842321026,-28.77044157678974,4,-10.60249513251894,v8,quantile_grid,atr,0,0
1d,2023-11-06 00:00:00,2024-05-04 00:00:00,2024-05-04 00:00:00,2024-06-03 00:00:00,915.4379362244459,-8.456206377555409,958.5548463635497,-4.144515363645029,4,-10.60249513251894,v8,quantile_grid,atr,0,1
1d,2023-12-06 00:00:00,2024-06-03 00:00:00,2024-06-03 00:00:00,2024-07-03 00:00:00,894.3919020205764,-10.560809797942362,678.9196028172482,-32.10803971827517,2,-10.60249513251894,v8,quantile_grid,atr,0,2
1d,2024-01-05 00:00:00,2024-07-03 00:00:00,2024-07-03 00:00:00,2024-08-02 00:00:00,903.9827013729623,-9.601729862703767,523.0653916669285,-47.69346083330716,2,-8.242086365203741,v8,quantile_grid,atr,0,3
1d,2024-02-04 00:00:00,2024-08-02 00:00:00,2024-08-02 00:00:00,2024-09-01 00:00:00,976.9883111773935,-2.3011688822606513,976.101652382571,-2.3898347617428928,2,-8.038556985759246,v8,quantile_grid,atr,0,4
1d,2024-03-05 00:00:00,2024-09-01 00:00:00,2024-09-01 00:00:00,2024-10-01 00:00:00,2188.39189217152,118.839189217152,2628.4216937468636,162.8421693746864,4,-8.038556985759246,v8,quantile_grid,atr,0,5
1d,2024-04-04 00:00:00,2024-10-01 00:00:00,2024-10-01 00:00:00,2024-10-31 00:00:00,876.9799299838145,-12.302007001618554,793.1264211597855,-20.687357884021452,6,-14.00087490836414,v8,quantile_grid,atr,0,6
1d,2024-05-04 00:00:00,2024-10-31 00:00:00,2024-10-31 00:00:00,2024-11-30 00:00:00,7687.091850303471,668.709185030347,7922.999149994559,692.2999149994558,2,-14.00087490836414,v8,quantile_grid,atr,0,7
1d,2024-06-03 00:00:00,2024-11-30 00:00:00,2024-11-30 00:00:00,2024-12-30 00:00:00,804.0244631362021,-19.597553686379786,537.5954420004631,-46.24045579995369,4,-14.00087490836414,v8,quantile_grid,atr,0,8
1d,2024-07-03 00:00:00,2024-12-30 00:00:00,2024-12-30 00:00:00,2025-01-29 00:00:00,1553.6250966115654,55.362509661156544,1425.5310356665136,42.55310356665136,4,-14.00087490836414,v8,quantile_grid,atr,0,9
1d,2024-08-02 00:00:00,2025-01-29 00:00:00,2025-01-29 00:00:00,2025-02-28 00:00:00,1056.1010950543364,5.610109505433636,440.0799709892768,-55.992002901072325,2,-14.00087490836414,v8,quantile_grid,atr,0,10
1d,2024-09-01 00:00:00,2025-02-28 00:00:00,2025-02-28 00:00:00,2025-03-30 00:00:00,698.1571554122775,-30.18428445877226,281.9922061696353,-71.80077938303646,2,-14.00087490836414,v8,quantile_grid,atr,0,11
1d,2024-10-01 00:00:00,2025-03-30 00:00:00,2025-03-30 00:00:00,2025-04-29 00:00:00,415.5093541213266,-58.44906458786734,359.2999794023143,-64.07000205976857,4,-9.893454462631158,v8,quantile_grid,atr,0,12
1d,2024-10-31 00:00:00,2025-04-29 00:00:00,2025-04-29 00:00:00,2025-05-29 00:00:00,3573.1400997384158,257.31400997384156,3964.0267565197323,296.4026756519732,2,-13.143293342045393,v8,quantile_grid,atr,0,13
1d,2024-11-30 00:00:00,2025-05-29 00:00:00,2025-05-29 00:00:00,2025-06-28 00:00:00,1282.3802964180713,28.238029641807127,1040.2375404802629,4.023754048026285,6,-14.378985115544577,v8,quantile_grid,atr,0,14
1d,2024-12-30 00:00:00,2025-06-28 00:00:00,2025-06-28 00:00:00,2025-07-28 00:00:00,1465.8727430701333,46.587274307013324,1441.2212687034842,44.122126870348424,4,-16.473253757649346,v8,quantile_grid,atr,0,15
1d,2025-01-29 00:00:00,2025-07-28 00:00:00,2025-07-28 00:00:00,2025-08-27 00:00:00,1062.776508698685,6.27765086986849,974.1065408014042,-2.589345919859576,2,-14.588411979755055,v8,quantile_grid,atr,0,16
1d,2025-02-28 00:00:00,2025-08-27 00:00:00,2025-08-27 00:00:00,2025-09-26 00:00:00,1000.0,0.0,804.0257388964399,-19.597426110356007,0,-9.585071163578295,v8,quantile_grid,atr,0,17
2d,2023-10-08 00:00:00,2024-04-05 00:00:00,2024-04-05 00:00:00,2024-05-05 00:00:00,686.9135194197573,-31.308648058024268,707.9940420209307,-29.200595797906924,2,-23.088062481468235,v8,quantile_grid,atr,0,0
2d,2023-11-07 00:00:00,2024-05-05 00:00:00,2024-05-05 00:00:00,2024-06-04 00:00:00,931.6719448766675,-6.832805512333251,875.7891104274695,-12.421088957253046,4,-20.284191054364033,v8,quantile_grid,atr,0,1
2d,2023-12-07 00:00:00,2024-06-04 00:00:00,2024-06-04 00:00:00,2024-07-04 00:00:00,835.0974628994369,-16.49025371005631,567.4367963182013,-43.25632036817987,4,-20.284191054364033,v8,quantile_grid,atr,0,2
2d,2024-01-06 00:00:00,2024-07-04 00:00:00,2024-07-04 00:00:00,2024-08-03 00:00:00,1000.0,0.0,566.560504361752,-43.3439495638248,0,-20.284191054364033,v8,quantile_grid,atr,0,3
2d,2024-02-05 00:00:00,2024-08-03 00:00:00,2024-08-03 00:00:00,2024-09-02 00:00:00,974.6630645445107,-2.533693545548932,877.5539618423131,-12.244603815768684,2,-20.284191054364033,v8,quantile_grid,atr,0,4
2d,2024-03-06 00:00:00,2024-09-02 00:00:00,2024-09-02 00:00:00,2024-10-02 00:00:00,2608.3436064888224,160.83436064888224,2688.390431589397,168.83904315893966,2,-20.284191054364033,v8,quantile_grid,atr,0,5
2d,2024-04-05 00:00:00,2024-10-02 00:00:00,2024-10-02 00:00:00,2024-11-01 00:00:00,920.1993857390274,-7.980061426097251,820.3621333979362,-17.96378666020638,2,-20.284191054364033,v8,quantile_grid,atr,0,6
2d,2024-05-05 00:00:00,2024-11-01 00:00:00,2024-11-01 00:00:00,2024-12-01 00:00:00,8198.895329531022,719.8895329531022,8099.428834126611,709.9428834126611,2,-17.955217612944782,v8,quantile_grid,atr,0,7
2d,2024-06-04 00:00:00,2024-12-01 00:00:00,2024-12-01 00:00:00,2024-12-31 00:00:00,848.0063711289478,-15.199362887105227,575.9688182191935,-42.403118178080646,2,-17.955217612944782,v8,quantile_grid,atr,0,8
2d,2024-07-04 00:00:00,2024-12-31 00:00:00,2024-12-31 00:00:00,2025-01-30 00:00:00,1051.1345229396397,5.113452293963983,1254.5952186266013,25.45952186266014,2,-17.955217612944782,v8,quantile_grid,atr,0,9
2d,2024-08-03 00:00:00,2025-01-30 00:00:00,2025-01-30 00:00:00,2025-03-01 00:00:00,928.313497522924,-7.168650247707609,425.40737845992936,-57.459262154007064,2,-17.955217612944782,v8,quantile_grid,atr,0,10
2d,2024-09-02 00:00:00,2025-03-01 00:00:00,2025-03-01 00:00:00,2025-03-31 00:00:00,1000.0,0.0,221.11793307078253,-77.88820669292174,0,-9.096319721730923,v8,quantile_grid,atr,0,11
2d,2024-10-02 00:00:00,2025-03-31 00:00:00,2025-03-31 00:00:00,2025-04-30 00:00:00,1000.0,0.0,445.04254475525386,-55.495745524474614,0,-0.7343572960846322,v8,quantile_grid,atr,0,12
2d,2024-11-01 00:00:00,2025-04-30 00:00:00,2025-04-30 00:00:00,2025-05-30 00:00:00,2096.8219553934323,109.68219553934321,3916.173179718348,291.6173179718348,2,-0.6389134261157545,v8,quantile_grid,atr,0,13
2d,2024-12-01 00:00:00,2025-05-30 00:00:00,2025-05-30 00:00:00,2025-06-29 00:00:00,937.00786408024,-6.299213591976005,1146.8960267377001,14.689602673770018,4,3.233237244649555,v8,quantile_grid,atr,0,14
2d,2024-12-31 00:00:00,2025-06-29 00:00:00,2025-06-29 00:00:00,2025-07-29 00:00:00,986.8521153424055,-1.3147884657594533,1294.148687383633,29.414868738363296,4,0.9075380966834744,v8,quantile_grid,atr,0,15
2d,2025-01-30 00:00:00,2025-07-29 00:00:00,2025-07-29 00:00:00,2025-08-28 00:00:00,1332.747556864447,33.27475568644469,1072.5288937060905,7.252889370609039,2,-13.414901801139418,v8,quantile_grid,atr,0,16
2d,2025-03-01 00:00:00,2025-08-28 00:00:00,2025-08-28 00:00:00,2025-09-27 00:00:00,1000.0,0.0,782.9724180356906,-21.70275819643094,0,-13.414901801139418,v8,quantile_grid,atr,0,17
