trial_id,strategy,parameters,best_objective,best_objective_score,total_return_pct,buy_hold_return_pct,buy_hold_max_drawdown_pct,max_drawdown_pct,cagr_pct,sharpe_ratio,sortino_ratio,win_rate_pct,total_trades,profit_factor,recovery_factor,total_cost_pct,avg_cost_per_trade_pct,final_balance
68,CSMARevertStrategy,"{""atr_mult"": 1.8, ""atr_period"": 48, ""entry_drop"": 0.25, ""exit_up"": 0.048, ""n_sma"": 957, ""rsi_max"": 41.728399217773685, ""rsi_period"": 47, ""timeframe_minutes"": 5}",mar,1667713191.6699228,166.7713191669923,-30.387024119375617,-66.00856522917186,-13.485197563933749,5260.8253009258715,6.649948419702651,1.2457469140467547,100.0,2,inf,12.366991167635787,10.988401967470619,5.494200983735309,2667.713191669923
45,CSMARevertStrategy,"{""atr_mult"": 2.4553582744937628, ""atr_period"": 15, ""entry_drop"": 0.25, ""exit_up"": 0.9715431125811809, ""n_sma"": 931, ""rsi_max"": 39.2359282333918, ""rsi_period"": 14, ""timeframe_minutes"": 5}",mar,1658871996.0110767,165.88719960110768,-30.387024119375617,-66.00856522917186,-13.485197563933749,5189.094767566424,6.634207633973318,1.2423153167905532,100.0,2,inf,12.301428941966272,10.975329362308107,5.487664681154054,2658.8719960110766
186,CSMARevertStrategy,"{""atr_mult"": 1.8, ""atr_period"": 40, ""entry_drop"": 0.25, ""exit_up"": 0.22884286198624038, ""n_sma"": 927, ""rsi_max"": 32.0, ""rsi_period"": 14, ""timeframe_minutes"": 5}",mar,1658871996.0110767,165.88719960110768,-30.387024119375617,-66.00856522917186,-13.485197563933749,5189.094767566424,6.634207633973318,1.2423153167905532,100.0,2,inf,12.301428941966272,10.975329362308107,5.487664681154054,2658.8719960110766
168,CSMARevertStrategy,"{""atr_mult"": 1.213133794286595, ""atr_period"": 16, ""entry_drop"": 0.1783765539105724, ""exit_up"": 0.40701805922199263, ""n_sma"": 434, ""rsi_max"": 39.134649015788284, ""rsi_period"": 40, ""timeframe_minutes"": 5}",mar,1651144118.9934318,165.1144118993432,-30.387024119375617,-66.00856522917186,-9.916646464948665,5126.991348566075,7.105846939154635,0.658212935029714,100.0,2,inf,16.65022671554904,11.154555035303373,5.5772775176516864,2651.144118993432
21,CSMARevertStrategy,"{""atr_mult"": 2.320654398515275, ""atr_period"": 28, ""entry_drop"": 0.25, ""exit_up"": 0.048, ""n_sma"": 469, ""rsi_max"": 39.55840007470286, ""rsi_period"": 9, ""timeframe_minutes"": 5}",mar,1649804767.592688,164.9804767592688,-30.387024119375617,-66.00856522917186,-9.916646464948652,5116.284066002486,7.5304919415527625,0.6769264212007482,100.0,2,inf,16.636720623489836,10.903404746066702,5.451702373033351,2649.804767592688
73,CSMARevertStrategy,"{""atr_mult"": 2.2765488996192986, ""atr_period"": 20, ""entry_drop"": 0.25, ""exit_up"": 0.048, ""n_sma"": 473, ""rsi_max"": 18.057197628830153, ""rsi_period"": 25, ""timeframe_minutes"": 5}",mar,1649804767.592688,164.9804767592688,-30.387024119375617,-66.00856522917186,-9.916646464948652,5116.284066002486,7.5304919415527625,0.6769264212007482,100.0,2,inf,16.636720623489836,10.903404746066702,5.451702373033351,2649.804767592688
30,CSMARevertStrategy,"{""atr_mult"": 3.9901579496923265, ""atr_period"": 21, ""entry_drop"": 0.2509789402912219, ""exit_up"": 0.7746279461096696, ""n_sma"": 986, ""rsi_max"": 20.909423302645965, ""rsi_period"": 9, ""timeframe_minutes"": 5}",mar,1599389319.9933991,159.93893199933993,-30.387024119375617,-66.00856522917186,-13.485197563933749,4725.118464946006,6.457942968056272,1.1990590827839913,100.0,2,inf,11.860332875440971,10.746877925530312,5.373438962765156,2599.389319993399
82,CSMARevertStrategy,"{""atr_mult"": 0.8606870002554006, ""atr_period"": 18, ""entry_drop"": 0.25, ""exit_up"": 0.9667920684717977, ""n_sma"": 868, ""rsi_max"": 28.01932089326282, ""rsi_period"": 35, ""timeframe_minutes"": 5}",mar,1575631702.6384685,157.56317026384684,-30.387024119375617,-66.00856522917186,-9.916646464948652,4548.649603623841,7.1526453384374795,0.7707754825852573,100.0,2,inf,15.88875541956337,10.64744877935845,5.323724389679225,2575.631702638468
137,CSMARevertStrategy,"{""atr_mult"": 0.5569400953892212, ""atr_period"": 48, ""entry_drop"": 0.37972537331388156, ""exit_up"": 0.7130127131758176, ""n_sma"": 894, ""rsi_max"": 47.39836643877241, ""rsi_period"": 47, ""timeframe_minutes"": 5}",mar,1575631702.6384685,157.56317026384684,-30.387024119375617,-66.00856522917186,-9.916646464948652,4548.649603623841,7.1526453384374795,0.7707754825852573,100.0,2,inf,15.88875541956337,10.64744877935845,5.323724389679225,2575.631702638468
93,CSMARevertStrategy,"{""atr_mult"": 0.5233985146261504, ""atr_period"": 12, ""entry_drop"": 0.25, ""exit_up"": 0.020173277695908487, ""n_sma"": 762, ""rsi_max"": 17.66274813782642, ""rsi_period"": 18, ""timeframe_minutes"": 5}",mar,1534771650.283834,153.4771650283834,-30.387024119375617,-66.00856522917186,-9.916646464948652,4256.57295153983,7.1324471999079915,0.6565043640853501,100.0,2,inf,15.47672043879585,10.733316606270057,5.366658303135028,2534.771650283834
104,CSMARevertStrategy,"{""atr_mult"": 1.8, ""atr_period"": 32, ""entry_drop"": 0.25, ""exit_up"": 0.048, ""n_sma"": 576, ""rsi_max"": 31.780581233959005, ""rsi_period"": 26, ""timeframe_minutes"": 5}",mar,1534771650.283834,153.4771650283834,-30.387024119375617,-66.00856522917186,-9.916646464948652,4256.57295153983,7.1324471999079915,0.6565043640853501,100.0,2,inf,15.47672043879585,10.733316606270057,5.366658303135028,2534.771650283834
111,CSMARevertStrategy,"{""atr_mult"": 1.8, ""atr_period"": 24, ""entry_drop"": 0.25, ""exit_up"": 0.048, ""n_sma"": 576, ""rsi_max"": 18.64359584950798, ""rsi_period"": 13, ""timeframe_minutes"": 5}",mar,1534771650.283834,153.4771650283834,-30.387024119375617,-66.00856522917186,-9.916646464948652,4256.57295153983,7.1324471999079915,0.6565043640853501,100.0,2,inf,15.47672043879585,10.733316606270057,5.366658303135028,2534.771650283834
119,CSMARevertStrategy,"{""atr_mult"": 1.8, ""atr_period"": 48, ""entry_drop"": 0.25, ""exit_up"": 0.048, ""n_sma"": 576, ""rsi_max"": 19.276842543527813, ""rsi_period"": 24, ""timeframe_minutes"": 5}",mar,1534771650.283834,153.4771650283834,-30.387024119375617,-66.00856522917186,-9.916646464948652,4256.57295153983,7.1324471999079915,0.6565043640853501,100.0,2,inf,15.47672043879585,10.733316606270057,5.366658303135028,2534.771650283834
200,CSMARevertStrategy,"{""atr_mult"": 1.3705012966036358, ""atr_period"": 31, ""entry_drop"": 0.25, ""exit_up"": 0.048, ""n_sma"": 413, ""rsi_max"": 43.88236135495899, ""rsi_period"": 14, ""timeframe_minutes"": 5}",mar,1511946556.4759822,151.1946556475982,-30.387024119375617,-66.00856522917186,-9.916646464948652,4099.559460006034,7.2236635250990675,0.5880369310151653,100.0,2,inf,15.246550956718117,10.457162227937314,5.228581113968657,2511.946556475982
36,CSMARevertStrategy,"{""atr_mult"": 1.8, ""atr_period"": 14, ""entry_drop"": 0.25, ""exit_up"": 0.048, ""n_sma"": 369, ""rsi_max"": 32.0, ""rsi_period"": 26, ""timeframe_minutes"": 5}",mar,1475944969.9023788,147.5944969902379,-30.387024119375617,-66.00856522917186,-9.916646464948652,3860.6191429293426,7.109226575796662,0.5849120753463743,100.0,2,inf,14.883509008002347,10.403930228029052,5.201965114014526,2475.944969902379
72,CSMARevertStrategy,"{""atr_mult"": 1.8, ""atr_period"": 16, ""entry_drop"": 0.25, ""exit_up"": 0.8063758016221177, ""n_sma"": 854, ""rsi_max"": 30.833271664891473, ""rsi_period"": 23, ""timeframe_minutes"": 5}",mar,1475917529.26343,147.59175292634302,-30.387024119375617,-66.00856522917186,-9.916646464948652,3860.441023739828,6.817689198444896,0.7430874461089753,100.0,2,inf,14.883232295113109,10.305661644205099,5.152830822102549,2475.9175292634304
48,CSMARevertStrategy,"{""atr_mult"": 1.8, ""atr_period"": 28, ""entry_drop"": 0.2727779190132408, ""exit_up"": 0.024674518375395027, ""n_sma"": 890, ""rsi_max"": 46.5499620433837, ""rsi_period"": 23, ""timeframe_minutes"": 5}",mar,1475917529.26343,147.59175292634302,-30.387024119375617,-66.00856522917186,-9.916646464948652,3860.441023739828,6.817689198444896,0.7430874461089753,100.0,2,inf,14.883232295113109,10.305661644205099,5.152830822102549,2475.9175292634304
164,CSMARevertStrategy,"{""atr_mult"": 1.6707158097074437, ""atr_period"": 21, ""entry_drop"": 0.25, ""exit_up"": 0.7913056134191927, ""n_sma"": 884, ""rsi_max"": 17.3121190284542, ""rsi_period"": 24, ""timeframe_minutes"": 5}",mar,1475917529.26343,147.59175292634302,-30.387024119375617,-66.00856522917186,-9.916646464948652,3860.441023739828,6.817689198444896,0.7430874461089753,100.0,2,inf,14.883232295113109,10.305661644205099,5.152830822102549,2475.9175292634304
188,CSMARevertStrategy,"{""atr_mult"": 1.9854605507028578, ""atr_period"": 25, ""entry_drop"": 0.25, ""exit_up"": 0.46467892019613566, ""n_sma"": 894, ""rsi_max"": 30.209389257265343, ""rsi_period"": 6, ""timeframe_minutes"": 5}",mar,1475917529.26343,147.59175292634302,-30.387024119375617,-66.00856522917186,-9.916646464948652,3860.441023739828,6.817689198444896,0.7430874461089753,100.0,2,inf,14.883232295113109,10.305661644205099,5.152830822102549,2475.9175292634304
145,CSMARevertStrategy,"{""atr_mult"": 0.5971656315301292, ""atr_period"": 15, ""entry_drop"": 0.25, ""exit_up"": 0.8098169396937926, ""n_sma"": 742, ""rsi_max"": 32.0, ""rsi_period"": 16, ""timeframe_minutes"": 5}",mar,1466451288.6493506,146.6451288649351,-30.387024119375617,-66.00856522917186,-9.916646464948652,3799.354253424103,6.8938818924364575,0.6476798298601096,100.0,2,inf,14.787774212105525,10.486014455469125,5.243007227734562,2466.4512886493508
39,CSMARevertStrategy,"{""atr_mult"": 2.7733462889295906, ""atr_period"": 24, ""entry_drop"": 0.25, ""exit_up"": 0.12834380522672129, ""n_sma"": 831, ""rsi_max"": 30.690103545684792, ""rsi_period"": 22, ""timeframe_minutes"": 5}",mar,1426430208.1802142,142.64302081802143,-30.387024119375617,-66.00856522917186,-10.829756596371809,3548.903230424071,6.662998512239444,0.7391209858722314,100.0,2,inf,13.171396748271311,10.130819405193616,5.065409702596808,2426.4302081802143
143,CSMARevertStrategy,"{""atr_mult"": 3.4840276619128807, ""atr_period"": 10, ""entry_drop"": 0.2817772852839071, ""exit_up"": 0.032885202320469875, ""n_sma"": 986, ""rsi_max"": 27.655782410811444, ""rsi_period"": 26, ""timeframe_minutes"": 5}",mar,1424168863.5616157,142.4168863561616,-30.387024119375617,-66.00856522917186,-13.485197563933749,3535.123390711394,6.338360295092241,1.1240589492840714,100.0,2,inf,10.560978857073367,10.127475777648657,5.0637378888243285,2424.168863561616
158,CSMARevertStrategy,"{""atr_mult"": 0.9077100305459186, ""atr_period"": 31, ""entry_drop"": 0.25, ""exit_up"": 0.44920615943204256, ""n_sma"": 576, ""rsi_max"": 32.0, ""rsi_period"": 14, ""timeframe_minutes"": 5}",mar,1409114425.7327828,140.9114425732783,-30.387024119375617,-66.00856522917186,-9.916646464948652,3444.3837701540515,6.831677669193833,0.5930874083619786,100.0,2,inf,14.209586181310733,10.278469747270618,5.139234873635309,2409.114425732783
88,CSMARevertStrategy,"{""atr_mult"": 1.0632837985948707, ""atr_period"": 48, ""entry_drop"": 0.25, ""exit_up"": 0.6478949641287993, ""n_sma"": 397, ""rsi_max"": 44.94708647473017, ""rsi_period"": 27, ""timeframe_minutes"": 5}",mar,1409114425.7327828,140.9114425732783,-30.387024119375617,-66.00856522917186,-9.916646464948652,3444.3837701540515,6.831677669193833,0.5930874083619786,100.0,2,inf,14.209586181310733,10.278469747270618,5.139234873635309,2409.114425732783
5,CSMARevertStrategy,"{""atr_mult"": 1.1224731322918886, ""atr_period"": 16, ""entry_drop"": 0.25, ""exit_up"": 0.048, ""n_sma"": 607, ""rsi_max"": 43.97825005360629, ""rsi_period"": 14, ""timeframe_minutes"": 5}",mar,1409114425.7327828,140.9114425732783,-30.387024119375617,-66.00856522917186,-9.916646464948652,3444.3837701540515,6.831677669193833,0.5930874083619786,100.0,2,inf,14.209586181310733,10.278469747270618,5.139234873635309,2409.114425732783
7,CSMARevertStrategy,"{""atr_mult"": 1.1689777302928315, ""atr_period"": 18, ""entry_drop"": 0.27192926877732115, ""exit_up"": 0.27828136106977996, ""n_sma"": 331, ""rsi_max"": 45.693070769256906, ""rsi_period"": 9, ""timeframe_minutes"": 5}",mar,1409114425.7327828,140.9114425732783,-30.387024119375617,-66.00856522917186,-9.916646464948652,3444.3837701540515,6.831677669193833,0.5930874083619786,100.0,2,inf,14.209586181310733,10.278469747270618,5.139234873635309,2409.114425732783
124,CSMARevertStrategy,"{""atr_mult"": 0.5728788851150961, ""atr_period"": 48, ""entry_drop"": 0.24768248213148303, ""exit_up"": 0.048, ""n_sma"": 593, ""rsi_max"": 40.77350101176321, ""rsi_period"": 43, ""timeframe_minutes"": 5}",mar,1409114425.7327828,140.9114425732783,-30.387024119375617,-66.00856522917186,-9.916646464948652,3444.3837701540515,6.831677669193833,0.5930874083619786,100.0,2,inf,14.209586181310733,10.278469747270618,5.139234873635309,2409.114425732783
147,CSMARevertStrategy,"{""atr_mult"": 0.6359553099902265, ""atr_period"": 17, ""entry_drop"": 0.25, ""exit_up"": 0.25424325039353635, ""n_sma"": 553, ""rsi_max"": 32.0, ""rsi_period"": 14, ""timeframe_minutes"": 5}",mar,1409114425.7327828,140.9114425732783,-30.387024119375617,-66.00856522917186,-9.916646464948652,3444.3837701540515,6.831677669193833,0.5930874083619786,100.0,2,inf,14.209586181310733,10.278469747270618,5.139234873635309,2409.114425732783
9,CSMARevertStrategy,"{""atr_mult"": 0.8593446555633679, ""atr_period"": 14, ""entry_drop"": 0.3379212627718149, ""exit_up"": 0.8588762975752696, ""n_sma"": 576, ""rsi_max"": 45.918712108270554, ""rsi_period"": 30, ""timeframe_minutes"": 5}",mar,1409114425.7327828,140.9114425732783,-30.387024119375617,-66.00856522917186,-9.916646464948652,3444.3837701540515,6.831677669193833,0.5930874083619786,100.0,2,inf,14.209586181310733,10.278469747270618,5.139234873635309,2409.114425732783
159,CSMARevertStrategy,"{""atr_mult"": 0.758501945971686, ""atr_period"": 48, ""entry_drop"": 0.25, ""exit_up"": 0.048, ""n_sma"": 576, ""rsi_max"": 33.98729340403532, ""rsi_period"": 48, ""timeframe_minutes"": 5}",mar,1409114425.7327828,140.9114425732783,-30.387024119375617,-66.00856522917186,-9.916646464948652,3444.3837701540515,6.831677669193833,0.5930874083619786,100.0,2,inf,14.209586181310733,10.278469747270618,5.139234873635309,2409.114425732783
23,CSMARevertStrategy,"{""atr_mult"": 1.7258913020368989, ""atr_period"": 48, ""entry_drop"": 0.23832977442601533, ""exit_up"": 0.048, ""n_sma"": 771, ""rsi_max"": 32.0, ""rsi_period"": 36, ""timeframe_minutes"": 5}",mar,1406146810.555587,140.61468105555872,-30.387024119375617,-66.00856522917186,-10.829756596371809,3426.7000099039337,6.592783293657125,0.7341952568184872,100.0,2,inf,12.984103548796982,10.100828343041789,5.050414171520894,2406.1468105555873
112,CSMARevertStrategy,"{""atr_mult"": 3.351308787405228, ""atr_period"": 30, ""entry_drop"": 0.25, ""exit_up"": 0.3547664384462853, ""n_sma"": 796, ""rsi_max"": 41.773030789030415, ""rsi_period"": 9, ""timeframe_minutes"": 5}",mar,1397704709.266964,139.77047092669642,-30.387024119375617,-66.00856522917186,-10.829756596371809,3376.7577332065343,6.5723234737388045,0.7420526049151436,100.0,2,inf,12.906150723047867,10.088345839413712,5.044172919706856,2397.7047092669645
190,CSMARevertStrategy,"{""atr_mult"": 2.0094764485450103, ""atr_period"": 36, ""entry_drop"": 0.25, ""exit_up"": 0.6163654064838411, ""n_sma"": 576, ""rsi_max"": 29.56380546848785, ""rsi_period"": 24, ""timeframe_minutes"": 5}",mar,1375682131.7264757,137.56821317264757,-30.387024119375617,-66.00856522917186,-9.916646464948652,3248.982878089325,6.565686665568951,0.6211170868459746,100.0,2,inf,13.872453117986584,10.157453435059004,5.078726717529502,2375.6821317264757
92,CSMARevertStrategy,"{""atr_mult"": 1.5781041528278599, ""atr_period"": 29, ""entry_drop"": 0.25, ""exit_up"": 0.38066153913138834, ""n_sma"": 434, ""rsi_max"": 32.0, ""rsi_period"": 7, ""timeframe_minutes"": 5}",mar,1375682131.7264757,137.56821317264757,-30.387024119375617,-66.00856522917186,-9.916646464948652,3248.982878089325,6.565686665568951,0.6211170868459746,100.0,2,inf,13.872453117986584,10.157453435059004,5.078726717529502,2375.6821317264757
20,CSMARevertStrategy,"{""atr_mult"": 1.6155255853474144, ""atr_period"": 25, ""entry_drop"": 0.25, ""exit_up"": 0.048, ""n_sma"": 711, ""rsi_max"": 27.802870284822845, ""rsi_period"": 14, ""timeframe_minutes"": 5}",mar,1375682131.7264757,137.56821317264757,-30.387024119375617,-66.00856522917186,-9.916646464948652,3248.982878089325,6.565686665568951,0.6211170868459746,100.0,2,inf,13.872453117986584,10.157453435059004,5.078726717529502,2375.6821317264757
98,CSMARevertStrategy,"{""atr_mult"": 1.4480607426180618, ""atr_period"": 24, ""entry_drop"": 0.25, ""exit_up"": 0.9352675591037065, ""n_sma"": 633, ""rsi_max"": 31.552869345534475, ""rsi_period"": 32, ""timeframe_minutes"": 5}",mar,1375682131.7264757,137.56821317264757,-30.387024119375617,-66.00856522917186,-9.916646464948652,3248.982878089325,6.565686665568951,0.6211170868459746,100.0,2,inf,13.872453117986584,10.157453435059004,5.078726717529502,2375.6821317264757
99,CSMARevertStrategy,"{""atr_mult"": 2.327949713530532, ""atr_period"": 20, ""entry_drop"": 0.25, ""exit_up"": 0.5800233679904881, ""n_sma"": 576, ""rsi_max"": 43.578065884308685, ""rsi_period"": 34, ""timeframe_minutes"": 5}",mar,1375682131.7264757,137.56821317264757,-30.387024119375617,-66.00856522917186,-9.916646464948652,3248.982878089325,6.565686665568951,0.6211170868459746,100.0,2,inf,13.872453117986584,10.157453435059004,5.078726717529502,2375.6821317264757
179,CSMARevertStrategy,"{""atr_mult"": 1.8, ""atr_period"": 36, ""entry_drop"": 0.24744802031143376, ""exit_up"": 0.08067448190279725, ""n_sma"": 661, ""rsi_max"": 33.041327496493324, ""rsi_period"": 14, ""timeframe_minutes"": 5}",mar,1375682131.7264757,137.56821317264757,-30.387024119375617,-66.00856522917186,-9.916646464948652,3248.982878089325,6.565686665568951,0.6211170868459746,100.0,2,inf,13.872453117986584,10.157453435059004,5.078726717529502,2375.6821317264757
181,CSMARevertStrategy,"{""atr_mult"": 1.8, ""atr_period"": 36, ""entry_drop"": 0.25, ""exit_up"": 0.35262372727985813, ""n_sma"": 620, ""rsi_max"": 43.19108462716632, ""rsi_period"": 14, ""timeframe_minutes"": 5}",mar,1375682131.7264757,137.56821317264757,-30.387024119375617,-66.00856522917186,-9.916646464948652,3248.982878089325,6.565686665568951,0.6211170868459746,100.0,2,inf,13.872453117986584,10.157453435059004,5.078726717529502,2375.6821317264757
175,CSMARevertStrategy,"{""atr_mult"": 1.8, ""atr_period"": 28, ""entry_drop"": 0.25, ""exit_up"": 0.048, ""n_sma"": 664, ""rsi_max"": 34.009859922550554, ""rsi_period"": 14, ""timeframe_minutes"": 5}",mar,1375682131.7264757,137.56821317264757,-30.387024119375617,-66.00856522917186,-9.916646464948652,3248.982878089325,6.565686665568951,0.6211170868459746,100.0,2,inf,13.872453117986584,10.157453435059004,5.078726717529502,2375.6821317264757
16,CSMARevertStrategy,"{""atr_mult"": 1.2078490173082534, ""atr_period"": 46, ""entry_drop"": 0.25, ""exit_up"": 0.6044936009258663, ""n_sma"": 576, ""rsi_max"": 45.119306153511445, ""rsi_period"": 14, ""timeframe_minutes"": 5}",mar,1375682131.7264757,137.56821317264757,-30.387024119375617,-66.00856522917186,-9.916646464948652,3248.982878089325,6.565686665568951,0.6211170868459746,100.0,2,inf,13.872453117986584,10.157453435059004,5.078726717529502,2375.6821317264757
26,CSMARevertStrategy,"{""atr_mult"": 2.5722098836916167, ""atr_period"": 5, ""entry_drop"": 0.25, ""exit_up"": 0.6874580505562249, ""n_sma"": 576, ""rsi_max"": 42.37237656488061, ""rsi_period"": 5, ""timeframe_minutes"": 5}",mar,1375682131.7264757,137.56821317264757,-30.387024119375617,-66.00856522917186,-9.916646464948652,3248.982878089325,6.565686665568951,0.6211170868459746,100.0,2,inf,13.872453117986584,10.157453435059004,5.078726717529502,2375.6821317264757
32,CSMARevertStrategy,"{""atr_mult"": 1.8, ""atr_period"": 21, ""entry_drop"": 0.3122654612182627, ""exit_up"": 0.6004196124994263, ""n_sma"": 576, ""rsi_max"": 33.29531415422133, ""rsi_period"": 36, ""timeframe_minutes"": 5}",mar,1375682131.7264757,137.56821317264757,-30.387024119375617,-66.00856522917186,-9.916646464948652,3248.982878089325,6.565686665568951,0.6211170868459746,100.0,2,inf,13.872453117986584,10.157453435059004,5.078726717529502,2375.6821317264757
170,CSMARevertStrategy,"{""atr_mult"": 2.199822799022795, ""atr_period"": 13, ""entry_drop"": 0.2091118819691744, ""exit_up"": 0.19035269036397717, ""n_sma"": 576, ""rsi_max"": 22.341002257802135, ""rsi_period"": 29, ""timeframe_minutes"": 5}",mar,1354845497.367571,135.48454973675712,-30.387024119375617,-66.00856522917186,-9.916646464948652,3131.377818775122,6.495815181091654,0.6220136312391958,100.0,2,inf,13.66233536867936,10.126644356242048,5.063322178121024,2354.845497367571
193,CSMARevertStrategy,"{""atr_mult"": 3.3031801016420967, ""atr_period"": 36, ""entry_drop"": 0.25, ""exit_up"": 0.34012983860570556, ""n_sma"": 803, ""rsi_max"": 22.623691630803144, ""rsi_period"": 22, ""timeframe_minutes"": 5}",mar,1336293700.8615723,133.62937008615722,-30.387024119375617,-66.00856522917186,-13.113331277375263,3029.312396267583,6.355604811517455,0.7174238531063347,100.0,2,inf,10.190345020621198,9.869865020104958,4.934932510052479,2336.2937008615722
169,CSMARevertStrategy,"{""atr_mult"": 3.683696346076992, ""atr_period"": 34, ""entry_drop"": 0.29634521725465224, ""exit_up"": 0.30645282819894004, ""n_sma"": 868, ""rsi_max"": 32.0, ""rsi_period"": 17, ""timeframe_minutes"": 5}",mar,1336293700.8615723,133.62937008615722,-30.387024119375617,-66.00856522917186,-13.113331277375263,3029.312396267583,6.355604811517455,0.7174238531063347,100.0,2,inf,10.190345020621198,9.869865020104958,4.934932510052479,2336.2937008615722
31,CSMARevertStrategy,"{""atr_mult"": 3.7725432605296647, ""atr_period"": 22, ""entry_drop"": 0.25, ""exit_up"": 0.14759250395854584, ""n_sma"": 893, ""rsi_max"": 29.224480486491757, ""rsi_period"": 10, ""timeframe_minutes"": 5}",mar,1336293700.8615723,133.62937008615722,-30.387024119375617,-66.00856522917186,-13.113331277375263,3029.312396267583,6.355604811517455,0.7174238531063347,100.0,2,inf,10.190345020621198,9.869865020104958,4.934932510052479,2336.2937008615722
139,CSMARevertStrategy,"{""atr_mult"": 3.512617843639934, ""atr_period"": 21, ""entry_drop"": 0.2916171042727297, ""exit_up"": 0.8806374380501332, ""n_sma"": 381, ""rsi_max"": 37.64788835666852, ""rsi_period"": 12, ""timeframe_minutes"": 5}",mar,1331305148.5232666,133.13051485232666,-30.387024119375617,-66.00856522917186,-10.829756596371809,3002.286525202511,6.431076112685065,0.6380923465862164,100.0,2,inf,12.293029272414868,9.990167349302146,4.995083674651073,2331.3051485232663
52,CSMARevertStrategy,"{""atr_mult"": 3.4758724194326707, ""atr_period"": 23, ""entry_drop"": 0.25, ""exit_up"": 0.49176265129966856, ""n_sma"": 587, ""rsi_max"": 39.22778080701579, ""rsi_period"": 37, ""timeframe_minutes"": 5}",mar,1331305148.5232666,133.13051485232666,-30.387024119375617,-66.00856522917186,-10.829756596371809,3002.286525202511,6.431076112685065,0.6380923465862164,100.0,2,inf,12.293029272414868,9.990167349302146,4.995083674651073,2331.3051485232663
67,CSMARevertStrategy,"{""atr_mult"": 3.892540737743119, ""atr_period"": 8, ""entry_drop"": 0.25, ""exit_up"": 0.9972115797724798, ""n_sma"": 576, ""rsi_max"": 34.34744346332833, ""rsi_period"": 8, ""timeframe_minutes"": 5}",mar,1331305148.5232666,133.13051485232666,-30.387024119375617,-66.00856522917186,-10.829756596371809,3002.286525202511,6.431076112685065,0.6380923465862164,100.0,2,inf,12.293029272414868,9.990167349302146,4.995083674651073,2331.3051485232663
19,CSMARevertStrategy,"{""atr_mult"": 3.983633497895199, ""atr_period"": 37, ""entry_drop"": 0.3689633729015378, ""exit_up"": 0.98671283429761, ""n_sma"": 968, ""rsi_max"": 29.63971793937361, ""rsi_period"": 46, ""timeframe_minutes"": 5}",mar,1330128183.2225995,133.01281832225996,-30.387024119375617,-66.00856522917186,-14.28849872254412,2995.935951578186,6.04758548666852,1.0771543918584323,100.0,2,inf,9.309082843839633,9.795043134928562,4.897521567464281,2330.1281832225995
44,CSMARevertStrategy,"{""atr_mult"": 2.2590466706811743, ""atr_period"": 32, ""entry_drop"": 0.24691392803416412, ""exit_up"": 0.35053742730608217, ""n_sma"": 429, ""rsi_max"": 34.70800301625816, ""rsi_period"": 19, ""timeframe_minutes"": 5}",mar,1328198015.513178,132.81980155131782,-30.387024119375617,-66.00856522917186,-10.829756596371809,2985.542521910099,6.41010047680469,0.6218422254682563,100.0,2,inf,12.264338572098213,9.985573137772892,4.992786568886446,2328.1980155131782
127,CSMARevertStrategy,"{""atr_mult"": 1.8, ""atr_period"": 50, ""entry_drop"": 0.25, ""exit_up"": 0.1271890839519163, ""n_sma"": 756, ""rsi_max"": 25.698676556959985, ""rsi_period"": 35, ""timeframe_minutes"": 5}",mar,1328198015.513178,132.81980155131782,-30.387024119375617,-66.00856522917186,-10.829756596371809,2985.542521910099,6.41010047680469,0.6218422254682563,100.0,2,inf,12.264338572098213,9.985573137772892,4.992786568886446,2328.1980155131782
198,CSMARevertStrategy,"{""atr_mult"": 1.624563020828887, ""atr_period"": 43, ""entry_drop"": 0.25908910782934014, ""exit_up"": 0.9625612804663594, ""n_sma"": 496, ""rsi_max"": 32.0, ""rsi_period"": 48, ""timeframe_minutes"": 5}",mar,1328198015.513178,132.81980155131782,-30.387024119375617,-66.00856522917186,-10.829756596371809,2985.542521910099,6.41010047680469,0.6218422254682563,100.0,2,inf,12.264338572098213,9.985573137772892,4.992786568886446,2328.1980155131782
29,CSMARevertStrategy,"{""atr_mult"": 2.6886658965134043, ""atr_period"": 34, ""entry_drop"": 0.19525861300390657, ""exit_up"": 0.7199887148398773, ""n_sma"": 411, ""rsi_max"": 22.30211562160296, ""rsi_period"": 17, ""timeframe_minutes"": 5}",mar,1328198015.513178,132.81980155131782,-30.387024119375617,-66.00856522917186,-10.829756596371809,2985.542521910099,6.41010047680469,0.6218422254682563,100.0,2,inf,12.264338572098213,9.985573137772892,4.992786568886446,2328.1980155131782
148,CSMARevertStrategy,"{""atr_mult"": 1.8, ""atr_period"": 44, ""entry_drop"": 0.25, ""exit_up"": 0.3661483016099676, ""n_sma"": 576, ""rsi_max"": 33.919676342060995, ""rsi_period"": 33, ""timeframe_minutes"": 5}",mar,1328198015.513178,132.81980155131782,-30.387024119375617,-66.00856522917186,-10.829756596371809,2985.542521910099,6.41010047680469,0.6218422254682563,100.0,2,inf,12.264338572098213,9.985573137772892,4.992786568886446,2328.1980155131782
183,CSMARevertStrategy,"{""atr_mult"": 3.1827456506703067, ""atr_period"": 36, ""entry_drop"": 0.25, ""exit_up"": 0.45220627353316567, ""n_sma"": 387, ""rsi_max"": 24.586028146905065, ""rsi_period"": 31, ""timeframe_minutes"": 5}",mar,1307777801.385511,130.7777801385511,-30.387024119375617,-66.00856522917186,-10.829756596371809,2877.1883253629785,6.340494638945874,0.6221644136564883,100.0,2,inf,12.075782033953038,9.955379778534448,4.977689889267224,2307.777801385511
62,CSMARevertStrategy,"{""atr_mult"": 3.079667457504724, ""atr_period"": 50, ""entry_drop"": 0.25, ""exit_up"": 0.637100221744252, ""n_sma"": 472, ""rsi_max"": 20.465921364489656, ""rsi_period"": 23, ""timeframe_minutes"": 5}",mar,1271594576.832594,127.1594576832594,-30.387024119375617,-66.00856522917186,-13.113331277375263,2692.2624100413104,6.212499162007008,0.6197680945053949,100.0,2,inf,9.696960672582914,9.774200798270346,4.887100399135173,2271.594576832594
144,CSMARevertStrategy,"{""atr_mult"": 3.9648750022670707, ""atr_period"": 41, ""entry_drop"": 0.30905945641556554, ""exit_up"": 0.32209743783851696, ""n_sma"": 576, ""rsi_max"": 30.14882046651581, ""rsi_period"": 40, ""timeframe_minutes"": 5}",mar,1261292763.1735156,126.12927631735155,-30.387024119375617,-66.00856522917186,-14.28849872254412,2641.2320729559365,6.113930546946452,0.7168737112576036,100.0,2,inf,8.827328802454746,9.693262979594389,4.846631489797194,2261.2927631735156
151,CSMARevertStrategy,"{""atr_mult"": 0.6750937893482307, ""atr_period"": 40, ""entry_drop"": 0.0994710579467959, ""exit_up"": 0.7096383429467624, ""n_sma"": 983, ""rsi_max"": 18.355951657297116, ""rsi_period"": 7, ""timeframe_minutes"": 5}",mar,902667057.5179138,90.26670575179139,-30.387024119375617,-66.00856522917186,-52.62377406212917,1260.2770960958692,2.5883526545909,1.1948365463213757,70.58823529411765,17,5.968227601877188,1.7153217791871003,70.80840458580974,4.165200269753514,1902.667057517914
28,CSMARevertStrategy,"{""atr_mult"": 3.478936154517812, ""atr_period"": 7, ""entry_drop"": 0.25, ""exit_up"": 0.048, ""n_sma"": 998, ""rsi_max"": 44.534914718900495, ""rsi_period"": 14, ""timeframe_minutes"": 5}",mar,849881561.1285701,84.98815611285701,-30.387024119375617,-66.00856522917186,-41.87184563583561,1113.5128060209065,3.2538158395994223,0.4064185768618044,100.0,1,inf,2.0297208021831437,4.24220483697403,4.24220483697403,1849.8815611285702
90,CSMARevertStrategy,"{""atr_mult"": 1.139181865925437, ""atr_period"": 38, ""entry_drop"": 0.4901168128281719, ""exit_up"": 0.048, ""n_sma"": 512, ""rsi_max"": 32.0, ""rsi_period"": 46, ""timeframe_minutes"": 5}",mar,849166620.6162478,84.91666206162478,-30.387024119375617,-66.00856522917186,-9.916646464948652,1111.6107843222726,5.836464958510265,0.2924600319936421,100.0,1,inf,8.563042189894633,4.241147724860136,4.241147724860136,1849.1666206162479
89,CSMARevertStrategy,"{""atr_mult"": 1.8, ""atr_period"": 7, ""entry_drop"": 0.46656575130959665, ""exit_up"": 0.048, ""n_sma"": 576, ""rsi_max"": 32.0, ""rsi_period"": 35, ""timeframe_minutes"": 5}",mar,849166620.6162478,84.91666206162478,-30.387024119375617,-66.00856522917186,-9.916646464948652,1111.6107843222726,5.836464958510265,0.2924600319936421,100.0,1,inf,8.563042189894633,4.241147724860136,4.241147724860136,1849.1666206162479
120,CSMARevertStrategy,"{""atr_mult"": 3.129628043123967, ""atr_period"": 48, ""entry_drop"": 0.3877273801975387, ""exit_up"": 0.048, ""n_sma"": 576, ""rsi_max"": 34.77853058635477, ""rsi_period"": 20, ""timeframe_minutes"": 5}",mar,849166620.6162478,84.91666206162478,-30.387024119375617,-66.00856522917186,-9.916646464948652,1111.6107843222726,5.836464958510265,0.2924600319936421,100.0,1,inf,8.563042189894633,4.241147724860136,4.241147724860136,1849.1666206162479
126,CSMARevertStrategy,"{""atr_mult"": 3.200561788441255, ""atr_period"": 21, ""entry_drop"": 0.1987746889871883, ""exit_up"": 0.71057505245495, ""n_sma"": 780, ""rsi_max"": 42.01095046225781, ""rsi_period"": 35, ""timeframe_minutes"": 5}",mar,829354822.9690961,82.93548229690961,-30.387024119375617,-66.00856522917186,-40.17198463374891,1059.7913563983561,3.0916443866152163,0.32475836363052357,100.0,3,inf,2.0645104555584894,11.248906923706114,3.7496356412353715,1829.3548229690962
125,CSMARevertStrategy,"{""atr_mult"": 3.9503875040474767, ""atr_period"": 15, ""entry_drop"": 0.18085368121473933, ""exit_up"": 0.048, ""n_sma"": 576, ""rsi_max"": 39.063153419748005, ""rsi_period"": 7, ""timeframe_minutes"": 5}",mar,797752450.7689174,79.77524507689175,-30.387024119375617,-66.00856522917186,-40.26944574128405,980.6110563337221,3.003776620427758,0.3707069980636473,66.66666666666666,3,164.19524390434276,1.9810365801758858,10.953570886860113,3.651190295620038,1797.7524507689175
194,CSMARevertStrategy,"{""atr_mult"": 1.0412619935410843, ""atr_period"": 48, ""entry_drop"": 0.41150090648080095, ""exit_up"": 0.4918274110009978, ""n_sma"": 788, ""rsi_max"": 31.593830000042303, ""rsi_period"": 39, ""timeframe_minutes"": 5}",mar,779691478.7421964,77.96914787421964,-30.387024119375617,-66.00856522917186,-9.916646464948652,937.2293914500503,5.430479647089958,0.30063136712710986,100.0,1,inf,7.862451096730044,4.138421675876016,4.138421675876016,1779.6914787421965
60,CSMARevertStrategy,"{""atr_mult"": 1.8, ""atr_period"": 9, ""entry_drop"": 0.12385201642923882, ""exit_up"": 0.04746665785180715, ""n_sma"": 389, ""rsi_max"": 18.463761085501435, ""rsi_period"": 43, ""timeframe_minutes"": 5}",mar,766593962.679539,76.65939626795391,-30.387024119375617,-66.00856522917186,-9.916646464948652,906.6005045796916,5.5098894109844085,0.23086495258530515,100.0,1,inf,7.730375035443078,4.119055668980169,4.119055668980169,1766.5939626795391
102,CSMARevertStrategy,"{""atr_mult"": 1.2647882586052221, ""atr_period"": 30, ""entry_drop"": 0.2204724448736649, ""exit_up"": 0.4066884497623291, ""n_sma"": 425, ""rsi_max"": 21.743977320048618, ""rsi_period"": 47, ""timeframe_minutes"": 5}",mar,757517725.0885541,75.75177250885542,-30.387024119375617,-66.00856522917186,-9.916646464948652,885.7788551252302,5.46355886470284,0.23970802985244635,100.0,1,inf,7.638849764041443,4.105635530464249,4.105635530464249,1757.5177250885542
95,CSMARevertStrategy,"{""atr_mult"": 0.590259678291812, ""atr_period"": 40, ""entry_drop"": 0.3659340862651441, ""exit_up"": 0.22666364037913567, ""n_sma"": 507, ""rsi_max"": 32.0, ""rsi_period"": 39, ""timeframe_minutes"": 5}",mar,757517725.0885541,75.75177250885542,-30.387024119375617,-66.00856522917186,-9.916646464948652,885.7788551252302,5.46355886470284,0.23970802985244635,100.0,1,inf,7.638849764041443,4.105635530464249,4.105635530464249,1757.5177250885542
2,CSMARevertStrategy,"{""atr_mult"": 0.5501188986428824, ""atr_period"": 36, ""entry_drop"": 0.4118584229027721, ""exit_up"": 0.2802100073778151, ""n_sma"": 677, ""rsi_max"": 32.009987303604255, ""rsi_period"": 19, ""timeframe_minutes"": 5}",mar,757517725.0885541,75.75177250885542,-30.387024119375617,-66.00856522917186,-9.916646464948652,885.7788551252302,5.46355886470284,0.23970802985244635,100.0,1,inf,7.638849764041443,4.105635530464249,4.105635530464249,1757.5177250885542
163,CSMARevertStrategy,"{""atr_mult"": 1.8958868415167192, ""atr_period"": 19, ""entry_drop"": 0.4573570246522366, ""exit_up"": 0.6594737072863075, ""n_sma"": 689, ""rsi_max"": 25.49867819053861, ""rsi_period"": 17, ""timeframe_minutes"": 5}",mar,733133668.9263846,73.31336689263847,-30.387024119375617,-66.00856522917186,-9.916646464948652,831.4456946883935,5.138980309543481,0.2904961221695874,100.0,1,inf,7.392959621155365,4.069581228448032,4.069581228448032,1733.1336689263849
78,CSMARevertStrategy,"{""atr_mult"": 1.8, ""atr_period"": 27, ""entry_drop"": 0.4691312503172812, ""exit_up"": 0.048, ""n_sma"": 911, ""rsi_max"": 28.171186235219768, ""rsi_period"": 26, ""timeframe_minutes"": 5}",mar,733133668.9263846,73.31336689263847,-30.387024119375617,-66.00856522917186,-9.916646464948652,831.4456946883935,5.138980309543481,0.2904961221695874,100.0,1,inf,7.392959621155365,4.069581228448032,4.069581228448032,1733.1336689263849
114,CSMARevertStrategy,"{""atr_mult"": 1.8776407057570907, ""atr_period"": 32, ""entry_drop"": 0.4982182396814778, ""exit_up"": 0.9262438537317653, ""n_sma"": 576, ""rsi_max"": 32.0, ""rsi_period"": 25, ""timeframe_minutes"": 5}",mar,733133668.9263846,73.31336689263847,-30.387024119375617,-66.00856522917186,-9.916646464948652,831.4456946883935,5.138980309543481,0.2904961221695874,100.0,1,inf,7.392959621155365,4.069581228448032,4.069581228448032,1733.1336689263849
103,CSMARevertStrategy,"{""atr_mult"": 1.3933912929165133, ""atr_period"": 39, ""entry_drop"": 0.41220790039224986, ""exit_up"": 0.048, ""n_sma"": 820, ""rsi_max"": 32.0, ""rsi_period"": 28, ""timeframe_minutes"": 5}",mar,733133668.9263846,73.31336689263847,-30.387024119375617,-66.00856522917186,-9.916646464948652,831.4456946883935,5.138980309543481,0.2904961221695874,100.0,1,inf,7.392959621155365,4.069581228448032,4.069581228448032,1733.1336689263849
1,CSMARevertStrategy,"{""atr_mult"": 1.8, ""atr_period"": 35, ""entry_drop"": 0.39634279771002956, ""exit_up"": 0.6773180112146504, ""n_sma"": 919, ""rsi_max"": 20.65041113974776, ""rsi_period"": 14, ""timeframe_minutes"": 5}",mar,733133668.9263846,73.31336689263847,-30.387024119375617,-66.00856522917186,-9.916646464948652,831.4456946883935,5.138980309543481,0.2904961221695874,100.0,1,inf,7.392959621155365,4.069581228448032,4.069581228448032,1733.1336689263849
50,CSMARevertStrategy,"{""atr_mult"": 1.8, ""atr_period"": 19, ""entry_drop"": 0.36127112420388885, ""exit_up"": 0.4169326471892705, ""n_sma"": 576, ""rsi_max"": 27.366669522293517, ""rsi_period"": 27, ""timeframe_minutes"": 5}",mar,733133668.9263846,73.31336689263847,-30.387024119375617,-66.00856522917186,-9.916646464948652,831.4456946883935,5.138980309543481,0.2904961221695874,100.0,1,inf,7.392959621155365,4.069581228448032,4.069581228448032,1733.1336689263849
69,CSMARevertStrategy,"{""atr_mult"": 2.023366480382446, ""atr_period"": 22, ""entry_drop"": 0.36403378477242176, ""exit_up"": 0.10818410054548, ""n_sma"": 685, ""rsi_max"": 16.204306352543462, ""rsi_period"": 14, ""timeframe_minutes"": 5}",mar,733133668.9263846,73.31336689263847,-30.387024119375617,-66.00856522917186,-9.916646464948652,831.4456946883935,5.138980309543481,0.2904961221695874,100.0,1,inf,7.392959621155365,4.069581228448032,4.069581228448032,1733.1336689263849
142,CSMARevertStrategy,"{""atr_mult"": 3.09542498866547, ""atr_period"": 15, ""entry_drop"": 0.3806174865922629, ""exit_up"": 0.8399826384731521, ""n_sma"": 289, ""rsi_max"": 32.89018660195729, ""rsi_period"": 14, ""timeframe_minutes"": 5}",mar,698500826.910291,69.8500826910291,-30.387024119375617,-66.00856522917186,-9.916646464948652,758.192571120455,4.948453208285839,0.29416969173021174,100.0,1,inf,7.043720166683464,4.01837305629555,4.01837305629555,1698.500826910291
91,CSMARevertStrategy,"{""atr_mult"": 2.700462944911909, ""atr_period"": 39, ""entry_drop"": 0.17036043695421066, ""exit_up"": 0.15286060177516103, ""n_sma"": 732, ""rsi_max"": 18.735127509941453, ""rsi_period"": 40, ""timeframe_minutes"": 5}",mar,698500826.910291,69.8500826910291,-30.387024119375617,-66.00856522917186,-9.916646464948652,758.192571120455,4.948453208285839,0.29416969173021174,100.0,1,inf,7.043720166683464,4.01837305629555,4.01837305629555,1698.500826910291
196,CSMARevertStrategy,"{""atr_mult"": 2.5717357204306692, ""atr_period"": 27, ""entry_drop"": 0.3708485335387811, ""exit_up"": 0.49788565294524867, ""n_sma"": 500, ""rsi_max"": 36.57261789942567, ""rsi_period"": 50, ""timeframe_minutes"": 5}",mar,698500826.910291,69.8500826910291,-30.387024119375617,-66.00856522917186,-9.916646464948652,758.192571120455,4.948453208285839,0.29416969173021174,100.0,1,inf,7.043720166683464,4.01837305629555,4.01837305629555,1698.500826910291
155,CSMARevertStrategy,"{""atr_mult"": 3.5115957011590235, ""atr_period"": 9, ""entry_drop"": 0.3940368795325333, ""exit_up"": 0.40257469934732293, ""n_sma"": 576, ""rsi_max"": 43.168020928633865, ""rsi_period"": 33, ""timeframe_minutes"": 5}",mar,698500826.910291,69.8500826910291,-30.387024119375617,-66.00856522917186,-9.916646464948652,758.192571120455,4.948453208285839,0.29416969173021174,100.0,1,inf,7.043720166683464,4.01837305629555,4.01837305629555,1698.500826910291
192,CSMARevertStrategy,"{""atr_mult"": 2.0619034351011427, ""atr_period"": 48, ""entry_drop"": 0.358592712271557, ""exit_up"": 0.2688249607885762, ""n_sma"": 366, ""rsi_max"": 44.561663138816606, ""rsi_period"": 14, ""timeframe_minutes"": 5}",mar,698500826.910291,69.8500826910291,-30.387024119375617,-66.00856522917186,-9.916646464948652,758.192571120455,4.948453208285839,0.29416969173021174,100.0,1,inf,7.043720166683464,4.01837305629555,4.01837305629555,1698.500826910291
106,CSMARevertStrategy,"{""atr_mult"": 1.8, ""atr_period"": 42, ""entry_drop"": 0.48748314235488877, ""exit_up"": 0.939226974000128, ""n_sma"": 576, ""rsi_max"": 42.08752179951775, ""rsi_period"": 23, ""timeframe_minutes"": 5}",mar,698500826.910291,69.8500826910291,-30.387024119375617,-66.00856522917186,-9.916646464948652,758.192571120455,4.948453208285839,0.29416969173021174,100.0,1,inf,7.043720166683464,4.01837305629555,4.01837305629555,1698.500826910291
167,CSMARevertStrategy,"{""atr_mult"": 3.029133539536834, ""atr_period"": 35, ""entry_drop"": 0.3953353507384564, ""exit_up"": 0.5615720793422171, ""n_sma"": 576, ""rsi_max"": 46.45401578606105, ""rsi_period"": 29, ""timeframe_minutes"": 5}",mar,698500826.910291,69.8500826910291,-30.387024119375617,-66.00856522917186,-9.916646464948652,758.192571120455,4.948453208285839,0.29416969173021174,100.0,1,inf,7.043720166683464,4.01837305629555,4.01837305629555,1698.500826910291
177,CSMARevertStrategy,"{""atr_mult"": 2.7574429041773967, ""atr_period"": 34, ""entry_drop"": 0.4053625159293024, ""exit_up"": 0.8602673373118642, ""n_sma"": 747, ""rsi_max"": 31.129465398556665, ""rsi_period"": 33, ""timeframe_minutes"": 5}",mar,698500826.910291,69.8500826910291,-30.387024119375617,-66.00856522917186,-9.916646464948652,758.192571120455,4.948453208285839,0.29416969173021174,100.0,1,inf,7.043720166683464,4.01837305629555,4.01837305629555,1698.500826910291
66,CSMARevertStrategy,"{""atr_mult"": 2.7861237586000365, ""atr_period"": 14, ""entry_drop"": 0.3677444895707084, ""exit_up"": 0.8858065165188731, ""n_sma"": 645, ""rsi_max"": 32.0, ""rsi_period"": 14, ""timeframe_minutes"": 5}",mar,698500826.910291,69.8500826910291,-30.387024119375617,-66.00856522917186,-9.916646464948652,758.192571120455,4.948453208285839,0.29416969173021174,100.0,1,inf,7.043720166683464,4.01837305629555,4.01837305629555,1698.500826910291
172,CSMARevertStrategy,"{""atr_mult"": 1.8, ""atr_period"": 48, ""entry_drop"": 0.0906778809664398, ""exit_up"": 0.3925165179807739, ""n_sma"": 324, ""rsi_max"": 17.922293102524403, ""rsi_period"": 47, ""timeframe_minutes"": 5}",mar,698500826.910291,69.8500826910291,-30.387024119375617,-66.00856522917186,-9.916646464948652,758.192571120455,4.948453208285839,0.29416969173021174,100.0,1,inf,7.043720166683464,4.01837305629555,4.01837305629555,1698.500826910291
83,CSMARevertStrategy,"{""atr_mult"": 1.8, ""atr_period"": 48, ""entry_drop"": 0.47325362048673447, ""exit_up"": 0.31707680695869644, ""n_sma"": 576, ""rsi_max"": 47.66023734743317, ""rsi_period"": 30, ""timeframe_minutes"": 5}",mar,698500826.910291,69.8500826910291,-30.387024119375617,-66.00856522917186,-9.916646464948652,758.192571120455,4.948453208285839,0.29416969173021174,100.0,1,inf,7.043720166683464,4.01837305629555,4.01837305629555,1698.500826910291
86,CSMARevertStrategy,"{""atr_mult"": 1.6419831069542548, ""atr_period"": 49, ""entry_drop"": 0.4233056719784486, ""exit_up"": 0.4626217679654332, ""n_sma"": 911, ""rsi_max"": 29.75117514603535, ""rsi_period"": 6, ""timeframe_minutes"": 5}",mar,698500826.910291,69.8500826910291,-30.387024119375617,-66.00856522917186,-9.916646464948652,758.192571120455,4.948453208285839,0.29416969173021174,100.0,1,inf,7.043720166683464,4.01837305629555,4.01837305629555,1698.500826910291
141,CSMARevertStrategy,"{""atr_mult"": 1.9486538278828147, ""atr_period"": 21, ""entry_drop"": 0.4350706231782009, ""exit_up"": 0.3959262756718279, ""n_sma"": 969, ""rsi_max"": 46.81236037471824, ""rsi_period"": 22, ""timeframe_minutes"": 5}",mar,698500826.910291,69.8500826910291,-30.387024119375617,-66.00856522917186,-9.916646464948652,758.192571120455,4.948453208285839,0.29416969173021174,100.0,1,inf,7.043720166683464,4.01837305629555,4.01837305629555,1698.500826910291
185,CSMARevertStrategy,"{""atr_mult"": 1.8, ""atr_period"": 42, ""entry_drop"": 0.39901503203236977, ""exit_up"": 0.4790779454881754, ""n_sma"": 576, ""rsi_max"": 36.9575723006444, ""rsi_period"": 42, ""timeframe_minutes"": 5}",mar,698500826.910291,69.8500826910291,-30.387024119375617,-66.00856522917186,-9.916646464948652,758.192571120455,4.948453208285839,0.29416969173021174,100.0,1,inf,7.043720166683464,4.01837305629555,4.01837305629555,1698.500826910291
11,CSMARevertStrategy,"{""atr_mult"": 2.781380136247686, ""atr_period"": 48, ""entry_drop"": 0.44209122025238023, ""exit_up"": 0.7634772424897524, ""n_sma"": 548, ""rsi_max"": 17.72329182341391, ""rsi_period"": 14, ""timeframe_minutes"": 5}",mar,655008577.5225756,65.50085775225757,-30.387024119375617,-66.00856522917186,-11.818380226704894,672.4500028621286,4.6837467352215745,0.2871542576110382,100.0,1,inf,5.54228722513525,3.954065351114733,3.954065351114733,1655.0085775225757
199,CSMARevertStrategy,"{""atr_mult"": 3.822165784810775, ""atr_period"": 24, ""entry_drop"": 0.09769584100382, ""exit_up"": 0.21193964771956442, ""n_sma"": 971, ""rsi_max"": 26.68998582552623, ""rsi_period"": 10, ""timeframe_minutes"": 5}",mar,504423965.6141367,50.44239656141367,-30.387024119375617,-66.00856522917186,-52.62377406212916,424.50713190924904,1.9497386002468147,0.8937644150288857,81.25,16,3.18803436684874,0.9585476804050563,58.03299516827997,3.627062198017498,1504.4239656141367
15,CSMARevertStrategy,"{""atr_mult"": 2.7865985295100852, ""atr_period"": 48, ""entry_drop"": 0.15835216056447665, ""exit_up"": 0.7121786564746498, ""n_sma"": 914, ""rsi_max"": 25.00797988137177, ""rsi_period"": 29, ""timeframe_minutes"": 5}",mar,482760091.02151746,48.276009102151754,-30.387024119375617,-66.00856522917186,-40.167958971701566,394.5261043375133,2.028098114218424,0.38815681218874903,100.0,4,inf,1.2018536748696227,14.69594554344911,3.6739863858622774,1482.7600910215176
55,CSMARevertStrategy,"{""atr_mult"": 1.714321900161806, ""atr_period"": 48, ""entry_drop"": 0.19876213398905895, ""exit_up"": 0.9689889466462475, ""n_sma"": 925, ""rsi_max"": 32.0, ""rsi_period"": 17, ""timeframe_minutes"": 5}",mar,428162904.20011955,42.81629042001196,-30.387024119375617,-66.00856522917186,-41.39169143846628,324.69116404883397,1.9281579363944397,0.27118029389220194,100.0,3,inf,1.0344175106654803,10.599545323570387,3.5331817745234626,1428.1629042001196
105,CSMARevertStrategy,"{""atr_mult"": 2.199929739843677, ""atr_period"": 38, ""entry_drop"": 0.16735632322958094, ""exit_up"": 0.44585046534063444, ""n_sma"": 837, ""rsi_max"": 46.04492658894479, ""rsi_period"": 48, ""timeframe_minutes"": 5}",mar,417585563.7706731,41.758556377067315,-30.387024119375617,-66.00856522917186,-45.54866731689474,312.0713483877888,1.8893225687702735,0.3168489136757828,100.0,4,inf,0.9167898609753262,14.412782062476118,3.6031955156190296,1417.5855637706732
156,CSMARevertStrategy,"{""atr_mult"": 1.8, ""atr_period"": 34, ""entry_drop"": 0.14720939339283667, ""exit_up"": 0.7156503125959177, ""n_sma"": 513, ""rsi_max"": 40.76837126121393, ""rsi_period"": 13, ""timeframe_minutes"": 5}",mar,331715150.60157585,33.17151506015759,-30.387024119375617,-66.00856522917186,-45.90287153772642,219.77850059676146,1.6753047551519253,0.30482798807231143,80.0,5,5.261000848166697,0.7226457506671397,16.58844963333836,3.317689926667672,1331.715150601576
3,CSMARevertStrategy,"{""atr_mult"": 1.8, ""atr_period"": 20, ""entry_drop"": 0.1322495518656268, ""exit_up"": 0.048, ""n_sma"": 481, ""rsi_max"": 24.720920704956313, ""rsi_period"": 20, ""timeframe_minutes"": 5}",mar,329172254.99027044,32.91722549902705,-30.387024119375617,-66.00856522917186,-52.91395976079025,217.3079139532032,1.6668048344226594,0.3221571793124275,80.0,5,3.940519356215435,0.6220896271576906,16.305359960432114,3.2610719920864226,1329.1722549902704
22,CSMARevertStrategy,"{""atr_mult"": 0.6145252016451435, ""atr_period"": 36, ""entry_drop"": 0.05931943425553321, ""exit_up"": 0.688555846823064, ""n_sma"": 910, ""rsi_max"": 32.0, ""rsi_period"": 14, ""timeframe_minutes"": 5}",mar,286102636.5807808,28.610263658078082,-30.387024119375617,-66.00856522917186,-56.13859166940318,177.606734211897,1.5295227930892028,0.9178051648498726,69.6969696969697,33,1.6502773315554555,0.5096362913156465,123.36114414674233,3.738216489295222,1286.1026365807809
128,CSMARevertStrategy,"{""atr_mult"": 1.8809815703009507, ""atr_period"": 45, ""entry_drop"": 0.07501040051956864, ""exit_up"": 0.048, ""n_sma"": 613, ""rsi_max"": 41.79930343084811, ""rsi_period"": 38, ""timeframe_minutes"": 5}",mar,272389770.3993032,27.238977039930322,-30.387024119375617,-66.00856522917186,-56.711861931671415,165.7899705957516,1.4988116546300287,0.834491278473293,64.28571428571429,28,1.5825369815717467,0.4803047565736577,102.78076114020908,3.6707414692931812,1272.3897703993032
117,CSMARevertStrategy,"{""atr_mult"": 3.179144780921326, ""atr_period"": 27, ""entry_drop"": 0.1721130065544012, ""exit_up"": 0.048, ""n_sma"": 702, ""rsi_max"": 27.094830205914704, ""rsi_period"": 7, ""timeframe_minutes"": 5}",mar,261805068.21421677,26.18050682142168,-30.387024119375617,-66.00856522917186,-41.162159314887305,156.93124065894813,1.5084367906131309,0.18786705037151483,100.0,3,inf,0.6360333679567889,9.837808082161779,3.2792693607205927,1261.8050682142168
6,CSMARevertStrategy,"{""atr_mult"": 1.8, ""atr_period"": 16, ""entry_drop"": 0.11271215206126095, ""exit_up"": 0.8793573582122232, ""n_sma"": 576, ""rsi_max"": 32.0, ""rsi_period"": 42, ""timeframe_minutes"": 5}",mar,139529135.4817718,13.952913548177182,-30.387024119375617,-66.00856522917186,-55.07035411070609,69.89725319050575,1.1648971242710926,0.30965551489691157,71.42857142857143,7,2.502649370037734,0.2533652411264345,21.457983493542105,3.065426213363158,1139.5291354817718
123,CSMARevertStrategy,"{""atr_mult"": 2.3475167795520373, ""atr_period"": 16, ""entry_drop"": 0.06077673997548916, ""exit_up"": 0.9427999220898858, ""n_sma"": 781, ""rsi_max"": 36.762809012672776, ""rsi_period"": 14, ""timeframe_minutes"": 5}",mar,135990678.74833158,13.59906787483316,-30.387024119375617,-66.00856522917186,-56.901099142841474,67.76659309177737,1.2253580440504992,0.7362270636990342,71.875,32,1.3066794986752868,0.2389948187238842,115.10752591700013,3.597110184906254,1135.9906787483317
122,CSMARevertStrategy,"{""atr_mult"": 3.478791988420863, ""atr_period"": 33, ""entry_drop"": 0.09626116244496474, ""exit_up"": 0.13241764933022215, ""n_sma"": 576, ""rsi_max"": 26.976676058739045, ""rsi_period"": 29, ""timeframe_minutes"": 5}",mar,133916939.29532744,13.391693929532744,-30.387024119375617,-66.00856522917186,-54.647120836132366,66.5272991220169,1.150912729732806,0.31766709138279536,62.5,8,1.9557895210725067,0.24505763020324087,25.521833462737025,3.190229182842128,1133.9169392953274
118,CSMARevertStrategy,"{""atr_mult"": 1.8, ""atr_period"": 48, ""entry_drop"": 0.1347433929582258, ""exit_up"": 0.23904660448383708, ""n_sma"": 905, ""rsi_max"": 16.66170200451922, ""rsi_period"": 14, ""timeframe_minutes"": 5}",mar,75382933.56574655,7.538293356574655,-30.387024119375617,-66.00856522917186,-52.62377406212916,34.30129112677185,0.9749904560031917,0.220576952251294,75.0,4,3.1006043253832587,0.14324881654582064,11.951397726942572,2.987849431735643,1075.3829335657465
149,CSMARevertStrategy,"{""atr_mult"": 1.8141607227159346, ""atr_period"": 48, ""entry_drop"": 0.8610642266190506, ""exit_up"": 0.9009388151865554, ""n_sma"": 601, ""rsi_max"": 32.0, ""rsi_period"": 13, ""timeframe_minutes"": 5}",final_balance,1000.0,0.0,-30.387024119375617,-66.00856522917186,0.0,0.0,0.0,0.0,0.0,0,0.0,0.0,0.0,0.0,1000.0
41,CSMARevertStrategy,"{""atr_mult"": 1.8, ""atr_period"": 33, ""entry_drop"": 0.8015848215427381, ""exit_up"": 0.3808575599395967, ""n_sma"": 650, ""rsi_max"": 29.497429433203852, ""rsi_period"": 20, ""timeframe_minutes"": 5}",final_balance,1000.0,0.0,-30.387024119375617,-66.00856522917186,0.0,0.0,0.0,0.0,0.0,0,0.0,0.0,0.0,0.0,1000.0
154,CSMARevertStrategy,"{""atr_mult"": 3.160145821036609, ""atr_period"": 24, ""entry_drop"": 0.8317173629429958, ""exit_up"": 0.048, ""n_sma"": 314, ""rsi_max"": 42.87318629393044, ""rsi_period"": 36, ""timeframe_minutes"": 5}",final_balance,1000.0,0.0,-30.387024119375617,-66.00856522917186,0.0,0.0,0.0,0.0,0.0,0,0.0,0.0,0.0,0.0,1000.0
153,CSMARevertStrategy,"{""atr_mult"": 2.0333627675563473, ""atr_period"": 12, ""entry_drop"": 0.7159566571018028, ""exit_up"": 0.8206589366364554, ""n_sma"": 557, ""rsi_max"": 34.94716634315851, ""rsi_period"": 34, ""timeframe_minutes"": 5}",final_balance,1000.0,0.0,-30.387024119375617,-66.00856522917186,0.0,0.0,0.0,0.0,0.0,0,0.0,0.0,0.0,0.0,1000.0
189,CSMARevertStrategy,"{""atr_mult"": 3.500841973622327, ""atr_period"": 10, ""entry_drop"": 0.5787412153928481, ""exit_up"": 0.7279127206638331, ""n_sma"": 576, ""rsi_max"": 35.941146938976566, ""rsi_period"": 37, ""timeframe_minutes"": 5}",final_balance,1000.0,0.0,-30.387024119375617,-66.00856522917186,0.0,0.0,0.0,0.0,0.0,0,0.0,0.0,0.0,0.0,1000.0
40,CSMARevertStrategy,"{""atr_mult"": 2.602436320727529, ""atr_period"": 48, ""entry_drop"": 0.6532967243330223, ""exit_up"": 0.258050921632792, ""n_sma"": 388, ""rsi_max"": 43.34620917210738, ""rsi_period"": 32, ""timeframe_minutes"": 5}",final_balance,1000.0,0.0,-30.387024119375617,-66.00856522917186,0.0,0.0,0.0,0.0,0.0,0,0.0,0.0,0.0,0.0,1000.0
27,CSMARevertStrategy,"{""atr_mult"": 1.8, ""atr_period"": 12, ""entry_drop"": 0.9941764382862204, ""exit_up"": 0.7285783792396231, ""n_sma"": 553, ""rsi_max"": 32.0, ""rsi_period"": 28, ""timeframe_minutes"": 5}",final_balance,1000.0,0.0,-30.387024119375617,-66.00856522917186,0.0,0.0,0.0,0.0,0.0,0,0.0,0.0,0.0,0.0,1000.0
35,CSMARevertStrategy,"{""atr_mult"": 3.302979821784919, ""atr_period"": 48, ""entry_drop"": 0.5899193486447264, ""exit_up"": 0.5025590015711843, ""n_sma"": 883, ""rsi_max"": 46.18809233995161, ""rsi_period"": 34, ""timeframe_minutes"": 5}",final_balance,1000.0,0.0,-30.387024119375617,-66.00856522917186,0.0,0.0,0.0,0.0,0.0,0,0.0,0.0,0.0,0.0,1000.0
150,CSMARevertStrategy,"{""atr_mult"": 1.8, ""atr_period"": 27, ""entry_drop"": 0.6546415236394303, ""exit_up"": 0.3217117182394854, ""n_sma"": 368, ""rsi_max"": 28.609051766777558, ""rsi_period"": 22, ""timeframe_minutes"": 5}",final_balance,1000.0,0.0,-30.387024119375617,-66.00856522917186,0.0,0.0,0.0,0.0,0.0,0,0.0,0.0,0.0,0.0,1000.0
157,CSMARevertStrategy,"{""atr_mult"": 3.9279025304535593, ""atr_period"": 33, ""entry_drop"": 0.6589476952203602, ""exit_up"": 0.048, ""n_sma"": 317, ""rsi_max"": 43.754740266950975, ""rsi_period"": 40, ""timeframe_minutes"": 5}",final_balance,1000.0,0.0,-30.387024119375617,-66.00856522917186,0.0,0.0,0.0,0.0,0.0,0,0.0,0.0,0.0,0.0,1000.0
146,CSMARevertStrategy,"{""atr_mult"": 1.3523581849217907, ""atr_period"": 42, ""entry_drop"": 0.6867453625802817, ""exit_up"": 0.8146399729752816, ""n_sma"": 331, ""rsi_max"": 26.525659608323902, ""rsi_period"": 7, ""timeframe_minutes"": 5}",final_balance,1000.0,0.0,-30.387024119375617,-66.00856522917186,0.0,0.0,0.0,0.0,0.0,0,0.0,0.0,0.0,0.0,1000.0
38,CSMARevertStrategy,"{""atr_mult"": 3.955319132915252, ""atr_period"": 9, ""entry_drop"": 0.527353450426619, ""exit_up"": 0.49739142861531305, ""n_sma"": 476, ""rsi_max"": 23.014737547230812, ""rsi_period"": 21, ""timeframe_minutes"": 5}",final_balance,1000.0,0.0,-30.387024119375617,-66.00856522917186,0.0,0.0,0.0,0.0,0.0,0,0.0,0.0,0.0,0.0,1000.0
75,CSMARevertStrategy,"{""atr_mult"": 0.6699569547524751, ""atr_period"": 11, ""entry_drop"": 0.780874935202289, ""exit_up"": 0.9723195469902995, ""n_sma"": 576, ""rsi_max"": 35.06424462292652, ""rsi_period"": 24, ""timeframe_minutes"": 5}",final_balance,1000.0,0.0,-30.387024119375617,-66.00856522917186,0.0,0.0,0.0,0.0,0.0,0,0.0,0.0,0.0,0.0,1000.0
160,CSMARevertStrategy,"{""atr_mult"": 1.8, ""atr_period"": 14, ""entry_drop"": 0.9857218066985987, ""exit_up"": 0.048, ""n_sma"": 671, ""rsi_max"": 32.40238552050509, ""rsi_period"": 14, ""timeframe_minutes"": 5}",final_balance,1000.0,0.0,-30.387024119375617,-66.00856522917186,0.0,0.0,0.0,0.0,0.0,0,0.0,0.0,0.0,0.0,1000.0
8,CSMARevertStrategy,"{""atr_mult"": 0.8701476716898406, ""atr_period"": 40, ""entry_drop"": 0.7140637909218756, ""exit_up"": 0.5518237845140168, ""n_sma"": 653, ""rsi_max"": 32.0, ""rsi_period"": 21, ""timeframe_minutes"": 5}",final_balance,1000.0,0.0,-30.387024119375617,-66.00856522917186,0.0,0.0,0.0,0.0,0.0,0,0.0,0.0,0.0,0.0,1000.0
10,CSMARevertStrategy,"{""atr_mult"": 1.2989983869440265, ""atr_period"": 40, ""entry_drop"": 0.9085000758596051, ""exit_up"": 0.3547310831622955, ""n_sma"": 576, ""rsi_max"": 32.0, ""rsi_period"": 14, ""timeframe_minutes"": 5}",final_balance,1000.0,0.0,-30.387024119375617,-66.00856522917186,0.0,0.0,0.0,0.0,0.0,0,0.0,0.0,0.0,0.0,1000.0
187,CSMARevertStrategy,"{""atr_mult"": 3.0350337581185354, ""atr_period"": 48, ""entry_drop"": 0.695896095436932, ""exit_up"": 0.048, ""n_sma"": 576, ""rsi_max"": 37.252659821503286, ""rsi_period"": 14, ""timeframe_minutes"": 5}",final_balance,1000.0,0.0,-30.387024119375617,-66.00856522917186,0.0,0.0,0.0,0.0,0.0,0,0.0,0.0,0.0,0.0,1000.0
14,CSMARevertStrategy,"{""atr_mult"": 1.2244592998509605, ""atr_period"": 41, ""entry_drop"": 0.545776046786972, ""exit_up"": 0.048, ""n_sma"": 576, ""rsi_max"": 46.053346116829346, ""rsi_period"": 42, ""timeframe_minutes"": 5}",final_balance,1000.0,0.0,-30.387024119375617,-66.00856522917186,0.0,0.0,0.0,0.0,0.0,0,0.0,0.0,0.0,0.0,1000.0
182,CSMARevertStrategy,"{""atr_mult"": 2.543252248826325, ""atr_period"": 48, ""entry_drop"": 0.6624164098900024, ""exit_up"": 0.8639861376235947, ""n_sma"": 576, ""rsi_max"": 38.669090165095106, ""rsi_period"": 20, ""timeframe_minutes"": 5}",final_balance,1000.0,0.0,-30.387024119375617,-66.00856522917186,0.0,0.0,0.0,0.0,0.0,0,0.0,0.0,0.0,0.0,1000.0
180,CSMARevertStrategy,"{""atr_mult"": 3.68622744054277, ""atr_period"": 48, ""entry_drop"": 0.5949518075064208, ""exit_up"": 0.048, ""n_sma"": 403, ""rsi_max"": 34.907916978620904, ""rsi_period"": 37, ""timeframe_minutes"": 5}",final_balance,1000.0,0.0,-30.387024119375617,-66.00856522917186,0.0,0.0,0.0,0.0,0.0,0,0.0,0.0,0.0,0.0,1000.0
12,CSMARevertStrategy,"{""atr_mult"": 2.7939121146227857, ""atr_period"": 48, ""entry_drop"": 0.6207611540113664, ""exit_up"": 0.3489241708681088, ""n_sma"": 473, ""rsi_max"": 35.79084857324122, ""rsi_period"": 14, ""timeframe_minutes"": 5}",final_balance,1000.0,0.0,-30.387024119375617,-66.00856522917186,0.0,0.0,0.0,0.0,0.0,0,0.0,0.0,0.0,0.0,1000.0
178,CSMARevertStrategy,"{""atr_mult"": 0.9950429119448181, ""atr_period"": 15, ""entry_drop"": 0.9830773721489451, ""exit_up"": 0.07610855148341789, ""n_sma"": 576, ""rsi_max"": 21.153009815402896, ""rsi_period"": 29, ""timeframe_minutes"": 5}",final_balance,1000.0,0.0,-30.387024119375617,-66.00856522917186,0.0,0.0,0.0,0.0,0.0,0,0.0,0.0,0.0,0.0,1000.0
176,CSMARevertStrategy,"{""atr_mult"": 1.5241381790765722, ""atr_period"": 48, ""entry_drop"": 0.5335424515390071, ""exit_up"": 0.19753550676069875, ""n_sma"": 750, ""rsi_max"": 26.215707422757625, ""rsi_period"": 14, ""timeframe_minutes"": 5}",final_balance,1000.0,0.0,-30.387024119375617,-66.00856522917186,0.0,0.0,0.0,0.0,0.0,0,0.0,0.0,0.0,0.0,1000.0
174,CSMARevertStrategy,"{""atr_mult"": 1.7822352175074492, ""atr_period"": 48, ""entry_drop"": 0.9695309931943928, ""exit_up"": 0.5544714056344098, ""n_sma"": 750, ""rsi_max"": 16.886296565751646, ""rsi_period"": 23, ""timeframe_minutes"": 5}",final_balance,1000.0,0.0,-30.387024119375617,-66.00856522917186,0.0,0.0,0.0,0.0,0.0,0,0.0,0.0,0.0,0.0,1000.0
173,CSMARevertStrategy,"{""atr_mult"": 3.3473903111977057, ""atr_period"": 38, ""entry_drop"": 0.6964822240778915, ""exit_up"": 0.5747856556095184, ""n_sma"": 628, ""rsi_max"": 31.768460325443176, ""rsi_period"": 14, ""timeframe_minutes"": 5}",final_balance,1000.0,0.0,-30.387024119375617,-66.00856522917186,0.0,0.0,0.0,0.0,0.0,0,0.0,0.0,0.0,0.0,1000.0
171,CSMARevertStrategy,"{""atr_mult"": 2.204799069499752, ""atr_period"": 48, ""entry_drop"": 0.6716511731561052, ""exit_up"": 0.4988607794103266, ""n_sma"": 990, ""rsi_max"": 32.77420106616087, ""rsi_period"": 20, ""timeframe_minutes"": 5}",final_balance,1000.0,0.0,-30.387024119375617,-66.00856522917186,0.0,0.0,0.0,0.0,0.0,0,0.0,0.0,0.0,0.0,1000.0
17,CSMARevertStrategy,"{""atr_mult"": 1.661051302256585, ""atr_period"": 27, ""entry_drop"": 0.7279312753096817, ""exit_up"": 0.5667015122861103, ""n_sma"": 576, ""rsi_max"": 17.415228351825668, ""rsi_period"": 14, ""timeframe_minutes"": 5}",final_balance,1000.0,0.0,-30.387024119375617,-66.00856522917186,0.0,0.0,0.0,0.0,0.0,0,0.0,0.0,0.0,0.0,1000.0
18,CSMARevertStrategy,"{""atr_mult"": 3.35309879101979, ""atr_period"": 26, ""entry_drop"": 0.8993267988609194, ""exit_up"": 0.7223232228654961, ""n_sma"": 305, ""rsi_max"": 46.88349182883182, ""rsi_period"": 14, ""timeframe_minutes"": 5}",final_balance,1000.0,0.0,-30.387024119375617,-66.00856522917186,0.0,0.0,0.0,0.0,0.0,0,0.0,0.0,0.0,0.0,1000.0
24,CSMARevertStrategy,"{""atr_mult"": 2.7051221158274132, ""atr_period"": 47, ""entry_drop"": 0.5016060899449641, ""exit_up"": 0.048, ""n_sma"": 319, ""rsi_max"": 25.999822262015563, ""rsi_period"": 14, ""timeframe_minutes"": 5}",final_balance,1000.0,0.0,-30.387024119375617,-66.00856522917186,0.0,0.0,0.0,0.0,0.0,0,0.0,0.0,0.0,0.0,1000.0
165,CSMARevertStrategy,"{""atr_mult"": 3.9025071297197638, ""atr_period"": 7, ""entry_drop"": 0.7982801988407223, ""exit_up"": 0.6347019237252843, ""n_sma"": 576, ""rsi_max"": 21.371911307853818, ""rsi_period"": 25, ""timeframe_minutes"": 5}",final_balance,1000.0,0.0,-30.387024119375617,-66.00856522917186,0.0,0.0,0.0,0.0,0.0,0,0.0,0.0,0.0,0.0,1000.0
162,CSMARevertStrategy,"{""atr_mult"": 1.5653179647530298, ""atr_period"": 45, ""entry_drop"": 0.6802005973477308, ""exit_up"": 0.348867895782905, ""n_sma"": 508, ""rsi_max"": 34.303977624813314, ""rsi_period"": 12, ""timeframe_minutes"": 5}",final_balance,1000.0,0.0,-30.387024119375617,-66.00856522917186,0.0,0.0,0.0,0.0,0.0,0,0.0,0.0,0.0,0.0,1000.0
25,CSMARevertStrategy,"{""atr_mult"": 1.7633793091195606, ""atr_period"": 38, ""entry_drop"": 0.6950571400912755, ""exit_up"": 0.1446834412541641, ""n_sma"": 675, ""rsi_max"": 31.410624203076424, ""rsi_period"": 21, ""timeframe_minutes"": 5}",final_balance,1000.0,0.0,-30.387024119375617,-66.00856522917186,0.0,0.0,0.0,0.0,0.0,0,0.0,0.0,0.0,0.0,1000.0
166,CSMARevertStrategy,"{""atr_mult"": 1.6447288015236075, ""atr_period"": 21, ""entry_drop"": 0.8655196648619045, ""exit_up"": 0.048, ""n_sma"": 576, ""rsi_max"": 32.66711469643029, ""rsi_period"": 18, ""timeframe_minutes"": 5}",final_balance,1000.0,0.0,-30.387024119375617,-66.00856522917186,0.0,0.0,0.0,0.0,0.0,0,0.0,0.0,0.0,0.0,1000.0
132,CSMARevertStrategy,"{""atr_mult"": 2.5063942084653124, ""atr_period"": 31, ""entry_drop"": 0.8410961419837325, ""exit_up"": 0.13115347401202027, ""n_sma"": 948, ""rsi_max"": 32.0, ""rsi_period"": 15, ""timeframe_minutes"": 5}",final_balance,1000.0,0.0,-30.387024119375617,-66.00856522917186,0.0,0.0,0.0,0.0,0.0,0,0.0,0.0,0.0,0.0,1000.0
140,CSMARevertStrategy,"{""atr_mult"": 1.8, ""atr_period"": 39, ""entry_drop"": 0.7475295149849819, ""exit_up"": 0.3609670937345256, ""n_sma"": 932, ""rsi_max"": 29.171986629171514, ""rsi_period"": 18, ""timeframe_minutes"": 5}",final_balance,1000.0,0.0,-30.387024119375617,-66.00856522917186,0.0,0.0,0.0,0.0,0.0,0,0.0,0.0,0.0,0.0,1000.0
94,CSMARevertStrategy,"{""atr_mult"": 3.8805865072005252, ""atr_period"": 35, ""entry_drop"": 0.7724027544504729, ""exit_up"": 0.4304012036572833, ""n_sma"": 947, ""rsi_max"": 32.0, ""rsi_period"": 11, ""timeframe_minutes"": 5}",final_balance,1000.0,0.0,-30.387024119375617,-66.00856522917186,0.0,0.0,0.0,0.0,0.0,0,0.0,0.0,0.0,0.0,1000.0
107,CSMARevertStrategy,"{""atr_mult"": 2.7691519991529225, ""atr_period"": 48, ""entry_drop"": 0.6994926591211617, ""exit_up"": 0.24193899473362868, ""n_sma"": 624, ""rsi_max"": 47.930249285215254, ""rsi_period"": 35, ""timeframe_minutes"": 5}",final_balance,1000.0,0.0,-30.387024119375617,-66.00856522917186,0.0,0.0,0.0,0.0,0.0,0,0.0,0.0,0.0,0.0,1000.0
57,CSMARevertStrategy,"{""atr_mult"": 2.3623113461186223, ""atr_period"": 34, ""entry_drop"": 0.8334244060891077, ""exit_up"": 0.048, ""n_sma"": 699, ""rsi_max"": 44.88407445715708, ""rsi_period"": 15, ""timeframe_minutes"": 5}",final_balance,1000.0,0.0,-30.387024119375617,-66.00856522917186,0.0,0.0,0.0,0.0,0.0,0,0.0,0.0,0.0,0.0,1000.0
58,CSMARevertStrategy,"{""atr_mult"": 2.49338833589392, ""atr_period"": 48, ""entry_drop"": 0.8572676091397633, ""exit_up"": 0.9492171603352615, ""n_sma"": 594, ""rsi_max"": 34.20245543577103, ""rsi_period"": 49, ""timeframe_minutes"": 5}",final_balance,1000.0,0.0,-30.387024119375617,-66.00856522917186,0.0,0.0,0.0,0.0,0.0,0,0.0,0.0,0.0,0.0,1000.0
61,CSMARevertStrategy,"{""atr_mult"": 1.9417658214048483, ""atr_period"": 6, ""entry_drop"": 0.5185840600044276, ""exit_up"": 0.6978133695923823, ""n_sma"": 422, ""rsi_max"": 23.907683127147532, ""rsi_period"": 25, ""timeframe_minutes"": 5}",final_balance,1000.0,0.0,-30.387024119375617,-66.00856522917186,0.0,0.0,0.0,0.0,0.0,0,0.0,0.0,0.0,0.0,1000.0
100,CSMARevertStrategy,"{""atr_mult"": 1.8, ""atr_period"": 5, ""entry_drop"": 0.5887278034549351, ""exit_up"": 0.048, ""n_sma"": 363, ""rsi_max"": 45.603350037914375, ""rsi_period"": 37, ""timeframe_minutes"": 5}",final_balance,1000.0,0.0,-30.387024119375617,-66.00856522917186,0.0,0.0,0.0,0.0,0.0,0,0.0,0.0,0.0,0.0,1000.0
63,CSMARevertStrategy,"{""atr_mult"": 1.8, ""atr_period"": 34, ""entry_drop"": 0.9746310508099248, ""exit_up"": 0.048, ""n_sma"": 365, ""rsi_max"": 24.131836608272895, ""rsi_period"": 29, ""timeframe_minutes"": 5}",final_balance,1000.0,0.0,-30.387024119375617,-66.00856522917186,0.0,0.0,0.0,0.0,0.0,0,0.0,0.0,0.0,0.0,1000.0
96,CSMARevertStrategy,"{""atr_mult"": 2.9816510254893718, ""atr_period"": 26, ""entry_drop"": 0.7046619062688741, ""exit_up"": 0.048, ""n_sma"": 679, ""rsi_max"": 35.053707811050046, ""rsi_period"": 9, ""timeframe_minutes"": 5}",final_balance,1000.0,0.0,-30.387024119375617,-66.00856522917186,0.0,0.0,0.0,0.0,0.0,0,0.0,0.0,0.0,0.0,1000.0
64,CSMARevertStrategy,"{""atr_mult"": 3.731834885450779, ""atr_period"": 29, ""entry_drop"": 0.5298030219735762, ""exit_up"": 0.4277200628793628, ""n_sma"": 576, ""rsi_max"": 32.0, ""rsi_period"": 11, ""timeframe_minutes"": 5}",final_balance,1000.0,0.0,-30.387024119375617,-66.00856522917186,0.0,0.0,0.0,0.0,0.0,0,0.0,0.0,0.0,0.0,1000.0
97,CSMARevertStrategy,"{""atr_mult"": 2.4370267841934465, ""atr_period"": 48, ""entry_drop"": 0.5744954070059849, ""exit_up"": 0.048, ""n_sma"": 336, ""rsi_max"": 44.70997779438255, ""rsi_period"": 31, ""timeframe_minutes"": 5}",final_balance,1000.0,0.0,-30.387024119375617,-66.00856522917186,0.0,0.0,0.0,0.0,0.0,0,0.0,0.0,0.0,0.0,1000.0
65,CSMARevertStrategy,"{""atr_mult"": 1.8, ""atr_period"": 34, ""entry_drop"": 0.6818461839752415, ""exit_up"": 0.048, ""n_sma"": 608, ""rsi_max"": 22.453774070502995, ""rsi_period"": 39, ""timeframe_minutes"": 5}",final_balance,1000.0,0.0,-30.387024119375617,-66.00856522917186,0.0,0.0,0.0,0.0,0.0,0,0.0,0.0,0.0,0.0,1000.0
76,CSMARevertStrategy,"{""atr_mult"": 1.8, ""atr_period"": 15, ""entry_drop"": 0.6632739301321489, ""exit_up"": 0.048, ""n_sma"": 657, ""rsi_max"": 32.0, ""rsi_period"": 31, ""timeframe_minutes"": 5}",final_balance,1000.0,0.0,-30.387024119375617,-66.00856522917186,0.0,0.0,0.0,0.0,0.0,0,0.0,0.0,0.0,0.0,1000.0
70,CSMARevertStrategy,"{""atr_mult"": 0.8187819549559625, ""atr_period"": 13, ""entry_drop"": 0.5567955709834838, ""exit_up"": 0.10793350619821318, ""n_sma"": 799, ""rsi_max"": 32.51406331713362, ""rsi_period"": 14, ""timeframe_minutes"": 5}",final_balance,1000.0,0.0,-30.387024119375617,-66.00856522917186,0.0,0.0,0.0,0.0,0.0,0,0.0,0.0,0.0,0.0,1000.0
71,CSMARevertStrategy,"{""atr_mult"": 1.0564335543010577, ""atr_period"": 48, ""entry_drop"": 0.694219644815823, ""exit_up"": 0.8248078160013955, ""n_sma"": 718, ""rsi_max"": 29.486758976850336, ""rsi_period"": 20, ""timeframe_minutes"": 5}",final_balance,1000.0,0.0,-30.387024119375617,-66.00856522917186,0.0,0.0,0.0,0.0,0.0,0,0.0,0.0,0.0,0.0,1000.0
74,CSMARevertStrategy,"{""atr_mult"": 0.6471176456073457, ""atr_period"": 12, ""entry_drop"": 0.7168622034992833, ""exit_up"": 0.42318476345276035, ""n_sma"": 672, ""rsi_max"": 32.0, ""rsi_period"": 47, ""timeframe_minutes"": 5}",final_balance,1000.0,0.0,-30.387024119375617,-66.00856522917186,0.0,0.0,0.0,0.0,0.0,0,0.0,0.0,0.0,0.0,1000.0
87,CSMARevertStrategy,"{""atr_mult"": 1.0379320390232296, ""atr_period"": 20, ""entry_drop"": 0.5025291038808256, ""exit_up"": 0.048, ""n_sma"": 576, ""rsi_max"": 32.0, ""rsi_period"": 21, ""timeframe_minutes"": 5}",final_balance,1000.0,0.0,-30.387024119375617,-66.00856522917186,0.0,0.0,0.0,0.0,0.0,0,0.0,0.0,0.0,0.0,1000.0
84,CSMARevertStrategy,"{""atr_mult"": 1.5769737906474242, ""atr_period"": 34, ""entry_drop"": 0.7910267506740583, ""exit_up"": 0.38204486119634284, ""n_sma"": 417, ""rsi_max"": 45.73892019707998, ""rsi_period"": 14, ""timeframe_minutes"": 5}",final_balance,1000.0,0.0,-30.387024119375617,-66.00856522917186,0.0,0.0,0.0,0.0,0.0,0,0.0,0.0,0.0,0.0,1000.0
85,CSMARevertStrategy,"{""atr_mult"": 2.483279151704288, ""atr_period"": 48, ""entry_drop"": 0.6667528652458565, ""exit_up"": 0.19889504938008518, ""n_sma"": 847, ""rsi_max"": 32.0, ""rsi_period"": 19, ""timeframe_minutes"": 5}",final_balance,1000.0,0.0,-30.387024119375617,-66.00856522917186,0.0,0.0,0.0,0.0,0.0,0,0.0,0.0,0.0,0.0,1000.0
77,CSMARevertStrategy,"{""atr_mult"": 2.4983016725267126, ""atr_period"": 28, ""entry_drop"": 0.6468629596462395, ""exit_up"": 0.20415820869261858, ""n_sma"": 552, ""rsi_max"": 32.0, ""rsi_period"": 43, ""timeframe_minutes"": 5}",final_balance,1000.0,0.0,-30.387024119375617,-66.00856522917186,0.0,0.0,0.0,0.0,0.0,0,0.0,0.0,0.0,0.0,1000.0
80,CSMARevertStrategy,"{""atr_mult"": 2.3705810993177368, ""atr_period"": 20, ""entry_drop"": 0.6158883270571087, ""exit_up"": 0.048, ""n_sma"": 534, ""rsi_max"": 32.0, ""rsi_period"": 21, ""timeframe_minutes"": 5}",final_balance,1000.0,0.0,-30.387024119375617,-66.00856522917186,0.0,0.0,0.0,0.0,0.0,0,0.0,0.0,0.0,0.0,1000.0
79,CSMARevertStrategy,"{""atr_mult"": 0.581804274869702, ""atr_period"": 37, ""entry_drop"": 0.8529734658334467, ""exit_up"": 0.674712286997502, ""n_sma"": 380, ""rsi_max"": 20.856231000914125, ""rsi_period"": 14, ""timeframe_minutes"": 5}",final_balance,1000.0,0.0,-30.387024119375617,-66.00856522917186,0.0,0.0,0.0,0.0,0.0,0,0.0,0.0,0.0,0.0,1000.0
197,CSMARevertStrategy,"{""atr_mult"": 1.4249765574082378, ""atr_period"": 36, ""entry_drop"": 0.7098639610958395, ""exit_up"": 0.9786548918426136, ""n_sma"": 576, ""rsi_max"": 29.67904928860731, ""rsi_period"": 46, ""timeframe_minutes"": 5}",final_balance,1000.0,0.0,-30.387024119375617,-66.00856522917186,0.0,0.0,0.0,0.0,0.0,0,0.0,0.0,0.0,0.0,1000.0
109,CSMARevertStrategy,"{""atr_mult"": 1.8, ""atr_period"": 34, ""entry_drop"": 0.5772924118839968, ""exit_up"": 0.4778227640618954, ""n_sma"": 576, ""rsi_max"": 26.297170944293196, ""rsi_period"": 39, ""timeframe_minutes"": 5}",final_balance,1000.0,0.0,-30.387024119375617,-66.00856522917186,0.0,0.0,0.0,0.0,0.0,0,0.0,0.0,0.0,0.0,1000.0
110,CSMARevertStrategy,"{""atr_mult"": 0.662713620452763, ""atr_period"": 44, ""entry_drop"": 0.8843745586298034, ""exit_up"": 0.36523476387238973, ""n_sma"": 576, ""rsi_max"": 30.27322835744067, ""rsi_period"": 14, ""timeframe_minutes"": 5}",final_balance,1000.0,0.0,-30.387024119375617,-66.00856522917186,0.0,0.0,0.0,0.0,0.0,0,0.0,0.0,0.0,0.0,1000.0
46,CSMARevertStrategy,"{""atr_mult"": 1.3881142354194704, ""atr_period"": 16, ""entry_drop"": 0.8157991405607385, ""exit_up"": 0.4424639283265115, ""n_sma"": 819, ""rsi_max"": 47.19230651695203, ""rsi_period"": 39, ""timeframe_minutes"": 5}",final_balance,1000.0,0.0,-30.387024119375617,-66.00856522917186,0.0,0.0,0.0,0.0,0.0,0,0.0,0.0,0.0,0.0,1000.0
138,CSMARevertStrategy,"{""atr_mult"": 3.6046636404751244, ""atr_period"": 11, ""entry_drop"": 0.5898936777019668, ""exit_up"": 0.048, ""n_sma"": 476, ""rsi_max"": 45.334631874837456, ""rsi_period"": 32, ""timeframe_minutes"": 5}",final_balance,1000.0,0.0,-30.387024119375617,-66.00856522917186,0.0,0.0,0.0,0.0,0.0,0,0.0,0.0,0.0,0.0,1000.0
195,CSMARevertStrategy,"{""atr_mult"": 3.8148252141437764, ""atr_period"": 48, ""entry_drop"": 0.9502749748882492, ""exit_up"": 0.048, ""n_sma"": 403, ""rsi_max"": 32.0, ""rsi_period"": 30, ""timeframe_minutes"": 5}",final_balance,1000.0,0.0,-30.387024119375617,-66.00856522917186,0.0,0.0,0.0,0.0,0.0,0,0.0,0.0,0.0,0.0,1000.0
136,CSMARevertStrategy,"{""atr_mult"": 1.8, ""atr_period"": 11, ""entry_drop"": 0.9941977879841644, ""exit_up"": 0.4909769893463276, ""n_sma"": 924, ""rsi_max"": 43.6785982029886, ""rsi_period"": 43, ""timeframe_minutes"": 5}",final_balance,1000.0,0.0,-30.387024119375617,-66.00856522917186,0.0,0.0,0.0,0.0,0.0,0,0.0,0.0,0.0,0.0,1000.0
134,CSMARevertStrategy,"{""atr_mult"": 2.4227234529050703, ""atr_period"": 48, ""entry_drop"": 0.9184204588610603, ""exit_up"": 0.020912842402159737, ""n_sma"": 719, ""rsi_max"": 25.89099051813543, ""rsi_period"": 46, ""timeframe_minutes"": 5}",final_balance,1000.0,0.0,-30.387024119375617,-66.00856522917186,0.0,0.0,0.0,0.0,0.0,0,0.0,0.0,0.0,0.0,1000.0
191,CSMARevertStrategy,"{""atr_mult"": 3.9059643040173073, ""atr_period"": 37, ""entry_drop"": 0.871690550691367, ""exit_up"": 0.4843041656608267, ""n_sma"": 576, ""rsi_max"": 19.44678705583494, ""rsi_period"": 14, ""timeframe_minutes"": 5}",final_balance,1000.0,0.0,-30.387024119375617,-66.00856522917186,0.0,0.0,0.0,0.0,0.0,0,0.0,0.0,0.0,0.0,1000.0
133,CSMARevertStrategy,"{""atr_mult"": 1.0530149785479628, ""atr_period"": 13, ""entry_drop"": 0.9135321895910987, ""exit_up"": 0.048, ""n_sma"": 576, ""rsi_max"": 44.07184218058862, ""rsi_period"": 26, ""timeframe_minutes"": 5}",final_balance,1000.0,0.0,-30.387024119375617,-66.00856522917186,0.0,0.0,0.0,0.0,0.0,0,0.0,0.0,0.0,0.0,1000.0
131,CSMARevertStrategy,"{""atr_mult"": 2.8820494829080903, ""atr_period"": 17, ""entry_drop"": 0.744297363455627, ""exit_up"": 0.6067777167274443, ""n_sma"": 417, ""rsi_max"": 32.0, ""rsi_period"": 43, ""timeframe_minutes"": 5}",final_balance,1000.0,0.0,-30.387024119375617,-66.00856522917186,0.0,0.0,0.0,0.0,0.0,0,0.0,0.0,0.0,0.0,1000.0
130,CSMARevertStrategy,"{""atr_mult"": 1.3812693374652625, ""atr_period"": 11, ""entry_drop"": 0.7486821039985412, ""exit_up"": 0.01026542799715624, ""n_sma"": 327, ""rsi_max"": 40.4060083867482, ""rsi_period"": 12, ""timeframe_minutes"": 5}",final_balance,1000.0,0.0,-30.387024119375617,-66.00856522917186,0.0,0.0,0.0,0.0,0.0,0,0.0,0.0,0.0,0.0,1000.0
113,CSMARevertStrategy,"{""atr_mult"": 0.5376649769847015, ""atr_period"": 9, ""entry_drop"": 0.7140962077484139, ""exit_up"": 0.048, ""n_sma"": 399, ""rsi_max"": 18.46216737950857, ""rsi_period"": 14, ""timeframe_minutes"": 5}",final_balance,1000.0,0.0,-30.387024119375617,-66.00856522917186,0.0,0.0,0.0,0.0,0.0,0,0.0,0.0,0.0,0.0,1000.0
129,CSMARevertStrategy,"{""atr_mult"": 0.9816044716491896, ""atr_period"": 48, ""entry_drop"": 0.8360483361468242, ""exit_up"": 0.3685527462110939, ""n_sma"": 636, ""rsi_max"": 44.09345907498104, ""rsi_period"": 31, ""timeframe_minutes"": 5}",final_balance,1000.0,0.0,-30.387024119375617,-66.00856522917186,0.0,0.0,0.0,0.0,0.0,0,0.0,0.0,0.0,0.0,1000.0
47,CSMARevertStrategy,"{""atr_mult"": 1.054865434805426, ""atr_period"": 38, ""entry_drop"": 0.734060170721362, ""exit_up"": 0.4982225452513791, ""n_sma"": 576, ""rsi_max"": 45.40211721140765, ""rsi_period"": 14, ""timeframe_minutes"": 5}",final_balance,1000.0,0.0,-30.387024119375617,-66.00856522917186,0.0,0.0,0.0,0.0,0.0,0,0.0,0.0,0.0,0.0,1000.0
51,CSMARevertStrategy,"{""atr_mult"": 1.8, ""atr_period"": 22, ""entry_drop"": 0.9660788531532299, ""exit_up"": 0.11607353765529949, ""n_sma"": 576, ""rsi_max"": 43.02085769552917, ""rsi_period"": 14, ""timeframe_minutes"": 5}",final_balance,1000.0,0.0,-30.387024119375617,-66.00856522917186,0.0,0.0,0.0,0.0,0.0,0,0.0,0.0,0.0,0.0,1000.0
121,CSMARevertStrategy,"{""atr_mult"": 1.4187142993397364, ""atr_period"": 19, ""entry_drop"": 0.8262329333224235, ""exit_up"": 0.27909885152128744, ""n_sma"": 442, ""rsi_max"": 30.221458232908162, ""rsi_period"": 30, ""timeframe_minutes"": 5}",final_balance,1000.0,0.0,-30.387024119375617,-66.00856522917186,0.0,0.0,0.0,0.0,0.0,0,0.0,0.0,0.0,0.0,1000.0
53,CSMARevertStrategy,"{""atr_mult"": 3.754298645118538, ""atr_period"": 10, ""entry_drop"": 0.5045341842060648, ""exit_up"": 0.9551364882868072, ""n_sma"": 576, ""rsi_max"": 16.026437669739998, ""rsi_period"": 14, ""timeframe_minutes"": 5}",final_balance,1000.0,0.0,-30.387024119375617,-66.00856522917186,0.0,0.0,0.0,0.0,0.0,0,0.0,0.0,0.0,0.0,1000.0
116,CSMARevertStrategy,"{""atr_mult"": 1.7091106597695047, ""atr_period"": 33, ""entry_drop"": 0.9301052808436905, ""exit_up"": 0.8278576876719206, ""n_sma"": 725, ""rsi_max"": 17.911536652230406, ""rsi_period"": 30, ""timeframe_minutes"": 5}",final_balance,1000.0,0.0,-30.387024119375617,-66.00856522917186,0.0,0.0,0.0,0.0,0.0,0,0.0,0.0,0.0,0.0,1000.0
115,CSMARevertStrategy,"{""atr_mult"": 1.8, ""atr_period"": 16, ""entry_drop"": 0.8541850360905445, ""exit_up"": 0.3903464348910033, ""n_sma"": 451, ""rsi_max"": 19.723342581352263, ""rsi_period"": 14, ""timeframe_minutes"": 5}",final_balance,1000.0,0.0,-30.387024119375617,-66.00856522917186,0.0,0.0,0.0,0.0,0.0,0,0.0,0.0,0.0,0.0,1000.0
54,CSMARevertStrategy,"{""atr_mult"": 1.8, ""atr_period"": 11, ""entry_drop"": 0.7125254799476811, ""exit_up"": 0.4506997188042796, ""n_sma"": 898, ""rsi_max"": 43.454336717959706, ""rsi_period"": 26, ""timeframe_minutes"": 5}",final_balance,1000.0,0.0,-30.387024119375617,-66.00856522917186,0.0,0.0,0.0,0.0,0.0,0,0.0,0.0,0.0,0.0,1000.0
13,CSMARevertStrategy,"{""atr_mult"": 1.3813635459354503, ""atr_period"": 13, ""entry_drop"": 0.727757043620335, ""exit_up"": 0.2296597558831347, ""n_sma"": 352, ""rsi_max"": 42.940821172346986, ""rsi_period"": 14, ""timeframe_minutes"": 5}",final_balance,1000.0,0.0,-30.387024119375617,-66.00856522917186,0.0,0.0,0.0,0.0,0.0,0,0.0,0.0,0.0,0.0,1000.0
49,CSMARevertStrategy,"{""atr_mult"": 1.8478298284022698, ""atr_period"": 10, ""entry_drop"": 0.04836615029339564, ""exit_up"": 0.2827800787426167, ""n_sma"": 702, ""rsi_max"": 31.05203094771481, ""rsi_period"": 14, ""timeframe_minutes"": 5}",final_balance,802.8651529264466,-19.713484707355335,-30.387024119375617,-66.00856522917186,-58.08657257878167,-58.97497343318445,0.40133657574554976,0.25611978833520416,62.16216216216216,37,0.7556703111345384,-0.33938109673484906,103.60420327083386,2.8001136019144286,802.8651529264466
135,CSMARevertStrategy,"{""atr_mult"": 1.0657720997770066, ""atr_period"": 48, ""entry_drop"": 0.02336583554890881, ""exit_up"": 0.5962341098235189, ""n_sma"": 576, ""rsi_max"": 18.179794238170498, ""rsi_period"": 14, ""timeframe_minutes"": 5}",final_balance,675.7259729956347,-32.427402700436524,-30.387024119375617,-66.00856522917186,-58.299916469507366,-79.6189991438934,-0.06278111266237552,-0.03706276083734455,46.51162790697674,43,0.5959140806416369,-0.5562169667498074,119.6738716111678,2.783113293282972,675.7259729956347
184,CSMARevertStrategy,"{""atr_mult"": 2.0479163532459403, ""atr_period"": 49, ""entry_drop"": 0.02056922475789713, ""exit_up"": 0.2959297005135302, ""n_sma"": 355, ""rsi_max"": 31.150849942488954, ""rsi_period"": 37, ""timeframe_minutes"": 5}",final_balance,660.438397597849,-33.956160240215105,-30.387024119375617,-66.00856522917186,-63.730632572232125,-81.42636733618315,-0.1833565500553652,-0.09524906254437464,40.909090909090914,44,0.5961658641441716,-0.53280751923699,104.96118101112498,2.3854813866164766,660.438397597849
33,CSMARevertStrategy,"{""atr_mult"": 1.8, ""atr_period"": 24, ""entry_drop"": 0.016453023127023236, ""exit_up"": 0.048, ""n_sma"": 760, ""rsi_max"": 27.57426395557217, ""rsi_period"": 18, ""timeframe_minutes"": 5}",final_balance,393.42042998467167,-60.65795700153282,-30.387024119375617,-66.00856522917186,-65.10408282289134,-97.73030093854038,-1.1580153918768867,-0.8098833644360763,38.333333333333336,60,0.29327568189556413,-0.9317074194339896,128.4171071137706,2.1402851185628435,393.42042998467167
37,CSMARevertStrategy,"{""atr_mult"": 1.2538705300845985, ""atr_period"": 38, ""entry_drop"": 0.01767998884979871, ""exit_up"": 0.28539673118987674, ""n_sma"": 317, ""rsi_max"": 18.344319333759497, ""rsi_period"": 14, ""timeframe_minutes"": 5}",final_balance,363.93233729483063,-63.606766270516935,-30.387024119375617,-66.00856522917186,-73.56826709168418,-98.34551063849773,-1.5298729512907472,-0.9112512851855521,34.84848484848485,66,0.3350375364309239,-0.8645951411530088,127.25600974898612,1.928121359833123,363.93233729483063
152,CSMARevertStrategy,"{""atr_mult"": 1.6660970578156473, ""atr_period"": 48, ""entry_drop"": 0.029730920324056553, ""exit_up"": 0.12074231856134743, ""n_sma"": 316, ""rsi_max"": 36.97895752128103, ""rsi_period"": 15, ""timeframe_minutes"": 5}",final_balance,302.266720631443,-69.7733279368557,-30.387024119375617,-66.00856522917186,-73.22853353365164,-99.22111395722663,-1.7523781680372439,-1.1880537277450196,42.10526315789473,76,0.35469294123704426,-0.9528161301330972,149.3378402117286,1.9649715817332711,302.266720631443
161,CSMARevertStrategy,"{""atr_mult"": 1.5205049216275381, ""atr_period"": 39, ""entry_drop"": 0.020880616005706787, ""exit_up"": 0.7883677702087821, ""n_sma"": 866, ""rsi_max"": 37.49481453446137, ""rsi_period"": 14, ""timeframe_minutes"": 5}",final_balance,300.9482119296832,-69.90517880703167,-30.387024119375617,-66.00856522917186,-71.58411502995796,-99.2348092359188,-1.6606516724502987,-1.2325367296517502,26.31578947368421,76,0.22204283043387002,-0.9765459666264834,146.5918744381051,1.9288404531329617,300.9482119296832
101,CSMARevertStrategy,"{""atr_mult"": 3.7190500116326106, ""atr_period"": 40, ""entry_drop"": 0.00216865303871161, ""exit_up"": 0.444276947454895, ""n_sma"": 304, ""rsi_max"": 32.0, ""rsi_period"": 34, ""timeframe_minutes"": 5}",final_balance,282.81914400862087,-71.71808559913792,-30.387024119375617,-66.00856522917186,-75.73104484205999,-99.4053307995858,-2.0214851773654257,-1.2613940782344641,32.0,75,0.3496626448377826,-0.9470103806003041,138.28775034258615,1.843836671234482,282.81914400862087
4,CSMARevertStrategy,"{""atr_mult"": 1.2562477992524133, ""atr_period"": 29, ""entry_drop"": 0.013141601152132254, ""exit_up"": 0.28309542761352946, ""n_sma"": 671, ""rsi_max"": 30.435011639863486, ""rsi_period"": 19, ""timeframe_minutes"": 5}",final_balance,214.8857975300556,-78.51142024699445,-30.387024119375617,-66.00856522917186,-79.47196231974839,-99.80494230578769,-2.4816783599994543,-1.7716550270721296,27.397260273972602,73,0.15931688921189674,-0.9879134471489545,120.18961090860658,1.6464330261452957,214.8857975300556
59,CSMARevertStrategy,"{""atr_mult"": 2.1239399137554407, ""atr_period"": 9, ""entry_drop"": 0.018231564354271645, ""exit_up"": 0.4262865438632243, ""n_sma"": 522, ""rsi_max"": 43.48417638020027, ""rsi_period"": 48, ""timeframe_minutes"": 5}",final_balance,209.06279516569697,-79.0937204834303,-30.387024119375617,-66.00856522917186,-79.88191872727775,-99.82551889725542,-2.5123042497193255,-1.8138443450866482,23.75,80,0.23250182934351604,-0.9901329580410004,139.09411453325154,1.7386764316656442,209.06279516569697
42,CSMARevertStrategy,"{""atr_mult"": 1.8, ""atr_period"": 48, ""entry_drop"": 0.024396446354306045, ""exit_up"": 0.08223372276762098, ""n_sma"": 365, ""rsi_max"": 40.788004053441426, ""rsi_period"": 14, ""timeframe_minutes"": 5}",final_balance,190.43277181449858,-80.95672281855015,-30.387024119375617,-66.00856522917186,-82.36818603518503,-99.88052941107263,-2.701520181881212,-1.9200940841624958,20.73170731707317,82,0.22243450940681314,-0.9828639759526578,133.5082287845198,1.628149131518534,190.43277181449858
34,CSMARevertStrategy,"{""atr_mult"": 2.0150171261904353, ""atr_period"": 13, ""entry_drop"": 0.005344324187482985, ""exit_up"": 0.048, ""n_sma"": 650, ""rsi_max"": 29.56199880803596, ""rsi_period"": 18, ""timeframe_minutes"": 5}",final_balance,173.49324897054328,-82.65067510294567,-30.387024119375617,-66.00856522917186,-83.39637958183904,-99.91813809812163,-2.8903609917555135,-2.117428687483372,22.727272727272727,88,0.23809732314789223,-0.9910583111325403,140.70526102983646,1.5989234207935963,173.49324897054328
56,CSMARevertStrategy,"{""atr_mult"": 3.62020689371409, ""atr_period"": 8, ""entry_drop"": 0.014106012328031658, ""exit_up"": 0.7553255758416109, ""n_sma"": 455, ""rsi_max"": 34.83478459368017, ""rsi_period"": 21, ""timeframe_minutes"": 5}",final_balance,118.74421389145567,-88.12557861085443,-30.387024119375617,-66.00856522917186,-88.81025448831656,-99.98242617497262,-3.6279288126023332,-2.722612102922929,22.105263157894736,95,0.22611990517814046,-0.9922905763370805,147.8722227941011,1.556549713622117,118.74421389145567
81,CSMARevertStrategy,"{""atr_mult"": 3.2352355244678423, ""atr_period"": 15, ""entry_drop"": 0.007126808830303366, ""exit_up"": 0.8919197272647296, ""n_sma"": 715, ""rsi_max"": 24.714697672922426, ""rsi_period"": 11, ""timeframe_minutes"": 5}",final_balance,105.08067568149525,-89.49193243185047,-30.387024119375617,-66.00856522917186,-90.25775641241661,-99.98929876739521,-3.80956570248986,-2.970520482127738,23.14814814814815,108,0.1856888137541976,-0.9915151449470243,155.57100374223813,1.4404722568725754,105.08067568149525
108,CSMARevertStrategy,"{""atr_mult"": 1.8, ""atr_period"": 16, ""entry_drop"": 0.01008863523762149, ""exit_up"": 0.048, ""n_sma"": 576, ""rsi_max"": 41.155486526880594, ""rsi_period"": 24, ""timeframe_minutes"": 5}",final_balance,81.91986815564977,-91.80801318443503,-30.387024119375617,-66.00856522917186,-92.52071708267499,-99.99610382908186,-4.403722734415398,-3.3446346733981542,21.238938053097346,113,0.20881070478120428,-0.9922968182617617,158.64175104221923,1.4039093012585773,81.91986815564977
43,CSMARevertStrategy,"{""atr_mult"": 1.655992334632812, ""atr_period"": 26, ""entry_drop"": 0.00399029558665509, ""exit_up"": 0.048, ""n_sma"": 422, ""rsi_max"": 47.15090809874014, ""rsi_period"": 7, ""timeframe_minutes"": 5}",cps,6.25,-100.0,-30.387024119375617,-66.00856522917186,-100.0,-100.0,-10.299962183879515,-4.871172022985172,10.625,160,0.036417778843371856,-1.0,110.7478951557413,0.6921743447233831,0.0
